"Source:","/Users/chrisarcadia/Dropbox (Brown)/Ventilator/repositories/pufferfish-electronics/designs/Pufferfish-Controller-1/Pufferfish-Controller-1.sch"
"Date:","Monday, June 29, 2020 at 11:08:13 PM"
"Tool:","Eeschema (5.1.5-0-10_14)"
"Component Count:","559"
"Ref","Value","Part","Footprint","Description","Vendor","Manufacturer","Datasheet","Tolerance","Resistance","Capacitance","Pressure"
"BUZZ1","BUZZER-12MM","Pufferfish:BUZZER-12MM","Pufferfish:BUZZER-12MM","Generic 12mm Buzzer","","","","","","",""
"C1","CAP_POLAR_SMD_0805","Pufferfish:CAP_POLAR_SMD_0805","Pufferfish:CAP_POLAR_SMD_0805","Polarized capacitor, small symbol, 0805, SMD, SMT","","","","?%","","47uF",""
"C2","CAP_SMD_0603","Pufferfish:CAP_SMD_0603","Pufferfish:CAP_SMD_0603","Unpolarized capacitor, small symbol, 0603, SMD, SMT","","","","?%","","1uF",""
"C3","CAP_SMD_0603","Pufferfish:CAP_SMD_0603","Pufferfish:CAP_SMD_0603","Unpolarized capacitor, small symbol, 0603, SMD, SMT","","","","?%","","1uF",""
"C4","CAP_SMD_0603","Pufferfish:CAP_SMD_0603","Pufferfish:CAP_SMD_0603","Unpolarized capacitor, small symbol, 0603, SMD, SMT","","","","?%","","1uF",""
"C5","CAP_SMD_0603","Pufferfish:CAP_SMD_0603","Pufferfish:CAP_SMD_0603","Unpolarized capacitor, small symbol, 0603, SMD, SMT","","","","?%","","1uF",""
"C6","CAP_SMD_0603","Pufferfish:CAP_SMD_0603","Pufferfish:CAP_SMD_0603","Unpolarized capacitor, small symbol, 0603, SMD, SMT","","","","?%","","1uF",""
"C7","CAP_SMD_0603","Pufferfish:CAP_SMD_0603","Pufferfish:CAP_SMD_0603","Unpolarized capacitor, small symbol, 0603, SMD, SMT","","","","?%","","1uF",""
"C8","CAP_SMD_0603","Pufferfish:CAP_SMD_0603","Pufferfish:CAP_SMD_0603","Unpolarized capacitor, small symbol, 0603, SMD, SMT","","","","?%","","1uF",""
"C9","CAP_SMD_0603","Pufferfish:CAP_SMD_0603","Pufferfish:CAP_SMD_0603","Unpolarized capacitor, small symbol, 0603, SMD, SMT","","","","?%","","1uF",""
"C10","CAP_SMD_0603","Pufferfish:CAP_SMD_0603","Pufferfish:CAP_SMD_0603","Unpolarized capacitor, small symbol, 0603, SMD, SMT","","","","?%","","1uF",""
"C11","CAP_SMD_0603","Pufferfish:CAP_SMD_0603","Pufferfish:CAP_SMD_0603","Unpolarized capacitor, small symbol, 0603, SMD, SMT","","","","?%","","1uF",""
"C12","CAP_SMD_0603","Pufferfish:CAP_SMD_0603","Pufferfish:CAP_SMD_0603","Unpolarized capacitor, small symbol, 0603, SMD, SMT","","","","?%","","1uF",""
"C13","CAP_SMD_0603","Pufferfish:CAP_SMD_0603","Pufferfish:CAP_SMD_0603","Unpolarized capacitor, small symbol, 0603, SMD, SMT","","","","?%","","1uF",""
"C14","CAP_SMD_0603","Pufferfish:CAP_SMD_0603","Pufferfish:CAP_SMD_0603","Unpolarized capacitor, small symbol, 0603, SMD, SMT","","","","?%","","1uF",""
"C15","CAP_SMD_0603","Pufferfish:CAP_SMD_0603","Pufferfish:CAP_SMD_0603","Unpolarized capacitor, small symbol, 0603, SMD, SMT","","","","?%","","1uF",""
"C16","CAP_SMD_0603","Pufferfish:CAP_SMD_0603","Pufferfish:CAP_SMD_0603","Unpolarized capacitor, small symbol, 0603, SMD, SMT","","","","?%","","1uF",""
"C17","CAP_SMD_0603","Pufferfish:CAP_SMD_0603","Pufferfish:CAP_SMD_0603","Unpolarized capacitor, small symbol, 0603, SMD, SMT","","","","?%","","1uF",""
"C18","CAP_SMD_0603","Pufferfish:CAP_SMD_0603","Pufferfish:CAP_SMD_0603","Unpolarized capacitor, small symbol, 0603, SMD, SMT","","","","?%","","1uF",""
"C19","CAP_SMD_0603","Pufferfish:CAP_SMD_0603","Pufferfish:CAP_SMD_0603","Unpolarized capacitor, small symbol, 0603, SMD, SMT","","","","?%","","1uF",""
"C20","CAP_POLAR_SMD_0805","Pufferfish:CAP_POLAR_SMD_0805","Pufferfish:CAP_POLAR_SMD_0805","Polarized capacitor, small symbol, 0805, SMD, SMT","","","","?%","","10uF",""
"C21","CAP_POLAR_SMD_0805","Pufferfish:CAP_POLAR_SMD_0805","Pufferfish:CAP_POLAR_SMD_0805","Polarized capacitor, small symbol, 0805, SMD, SMT","","","","?%","","10uF",""
"C22","CAP_SMD_0603","Pufferfish:CAP_SMD_0603","Pufferfish:CAP_SMD_0603","Unpolarized capacitor, small symbol, 0603, SMD, SMT","","","","?%","","1uF",""
"C23","CAP_SMD_0603","Pufferfish:CAP_SMD_0603","Pufferfish:CAP_SMD_0603","Unpolarized capacitor, small symbol, 0603, SMD, SMT","","","","?%","","DNP",""
"C24","CAP_SMD_0603","Pufferfish:CAP_SMD_0603","Pufferfish:CAP_SMD_0603","Unpolarized capacitor, small symbol, 0603, SMD, SMT","","","","?%","","1uF",""
"C25","CAP_POLAR_SMD_0805","Pufferfish:CAP_POLAR_SMD_0805","Pufferfish:CAP_POLAR_SMD_0805","Polarized capacitor, small symbol, 0805, SMD, SMT","","","","?%","","10uF",""
"C26","CAP_POLAR_SMD_0805","Pufferfish:CAP_POLAR_SMD_0805","Pufferfish:CAP_POLAR_SMD_0805","Polarized capacitor, small symbol, 0805, SMD, SMT","","","","?%","","10uF",""
"C27","CAP_POLAR_SMD_0805","Pufferfish:CAP_POLAR_SMD_0805","Pufferfish:CAP_POLAR_SMD_0805","Polarized capacitor, small symbol, 0805, SMD, SMT","","","","?%","","10uF",""
"C28","CAP_POLAR_SMD_0805","Pufferfish:CAP_POLAR_SMD_0805","Pufferfish:CAP_POLAR_SMD_0805","Polarized capacitor, small symbol, 0805, SMD, SMT","","","","?%","","10uF",""
"C29","CAP_POLAR_SMD_0805","Pufferfish:CAP_POLAR_SMD_0805","Pufferfish:CAP_POLAR_SMD_0805","Polarized capacitor, small symbol, 0805, SMD, SMT","","","","?%","","10uF",""
"C30","CAP_POLAR_SMD_0805","Pufferfish:CAP_POLAR_SMD_0805","Pufferfish:CAP_POLAR_SMD_0805","Polarized capacitor, small symbol, 0805, SMD, SMT","","","","?%","","10uF",""
"C31","CAP_POLAR_SMD_0805","Pufferfish:CAP_POLAR_SMD_0805","Pufferfish:CAP_POLAR_SMD_0805","Polarized capacitor, small symbol, 0805, SMD, SMT","","","","?%","","10uF",""
"C32","CAP_POLAR_SMD_0805","Pufferfish:CAP_POLAR_SMD_0805","Pufferfish:CAP_POLAR_SMD_0805","Polarized capacitor, small symbol, 0805, SMD, SMT","","","","?%","","10uF",""
"C33","CAP_POLAR_SMD_0805","Pufferfish:CAP_POLAR_SMD_0805","Pufferfish:CAP_POLAR_SMD_0805","Polarized capacitor, small symbol, 0805, SMD, SMT","","","","?%","","10uF",""
"C34","CAP_POLAR_SMD_0805","Pufferfish:CAP_POLAR_SMD_0805","Pufferfish:CAP_POLAR_SMD_0805","Polarized capacitor, small symbol, 0805, SMD, SMT","","","","?%","","10uF",""
"C35","CAP_POLAR_SMD_0805","Pufferfish:CAP_POLAR_SMD_0805","Pufferfish:CAP_POLAR_SMD_0805","Polarized capacitor, small symbol, 0805, SMD, SMT","","","","?%","","47uF",""
"C36","CAP_POLAR_SMD_0805","Pufferfish:CAP_POLAR_SMD_0805","Pufferfish:CAP_POLAR_SMD_0805","Polarized capacitor, small symbol, 0805, SMD, SMT","","","","?%","","47uF",""
"C37","CAP_POLAR_SMD_0805","Pufferfish:CAP_POLAR_SMD_0805","Pufferfish:CAP_POLAR_SMD_0805","Polarized capacitor, small symbol, 0805, SMD, SMT","","","","?%","","47uF",""
"C38","CAP_POLAR_SMD_0805","Pufferfish:CAP_POLAR_SMD_0805","Pufferfish:CAP_POLAR_SMD_0805","Polarized capacitor, small symbol, 0805, SMD, SMT","","","","?%","","47uF",""
"C39","CAP_POLAR_SMD_0805","Pufferfish:CAP_POLAR_SMD_0805","Pufferfish:CAP_POLAR_SMD_0805","Polarized capacitor, small symbol, 0805, SMD, SMT","","","","?%","","47uF",""
"C40","CAP_POLAR_SMD_0805","Pufferfish:CAP_POLAR_SMD_0805","Pufferfish:CAP_POLAR_SMD_0805","Polarized capacitor, small symbol, 0805, SMD, SMT","","","","?%","","47uF",""
"C41","CAP_POLAR_SMD_0805","Pufferfish:CAP_POLAR_SMD_0805","Pufferfish:CAP_POLAR_SMD_0805","Polarized capacitor, small symbol, 0805, SMD, SMT","","","","?%","","47uF",""
"C42","CAP_POLAR_SMD_0805","Pufferfish:CAP_POLAR_SMD_0805","Pufferfish:CAP_POLAR_SMD_0805","Polarized capacitor, small symbol, 0805, SMD, SMT","","","","?%","","47uF",""
"C43","CAP_SMD_0603","Pufferfish:CAP_SMD_0603","Pufferfish:CAP_SMD_0603","Unpolarized capacitor, small symbol, 0603, SMD, SMT","","","","?%","","100nF",""
"C44","CAP_SMD_0603","Pufferfish:CAP_SMD_0603","Pufferfish:CAP_SMD_0603","Unpolarized capacitor, small symbol, 0603, SMD, SMT","","","","?%","","1uF",""
"C45","CAP_POLAR_SMD_0805","Pufferfish:CAP_POLAR_SMD_0805","Pufferfish:CAP_POLAR_SMD_0805","Polarized capacitor, small symbol, 0805, SMD, SMT","","","","?%","","47uF",""
"C46","CAP_POLAR_SMD_0805","Pufferfish:CAP_POLAR_SMD_0805","Pufferfish:CAP_POLAR_SMD_0805","Polarized capacitor, small symbol, 0805, SMD, SMT","","","","?%","","47uF",""
"C47","CAP_POLAR_SMD_0805","Pufferfish:CAP_POLAR_SMD_0805","Pufferfish:CAP_POLAR_SMD_0805","Polarized capacitor, small symbol, 0805, SMD, SMT","","","","?%","","47uF",""
"C48","UCQ1E101MCL1GS","Pufferfish:UCQ1E101MCL1GS","Pufferfish:CAPAE660X820N","Aluminum Electrolytic Capacitors - SMD 25V 100uf 20% Audio-SMT","","","","20%","","100uF",""
"C49","UCQ1E101MCL1GS","Pufferfish:UCQ1E101MCL1GS","Pufferfish:CAPAE660X820N","Aluminum Electrolytic Capacitors - SMD 25V 100uf 20% Audio-SMT","","","","20%","","100uF",""
"C50","UCQ1E101MCL1GS","Pufferfish:UCQ1E101MCL1GS","Pufferfish:CAPAE660X820N","Aluminum Electrolytic Capacitors - SMD 25V 100uf 20% Audio-SMT","","","","20%","","100uF",""
"C51","UCQ1E101MCL1GS","Pufferfish:UCQ1E101MCL1GS","Pufferfish:CAPAE660X820N","Aluminum Electrolytic Capacitors - SMD 25V 100uf 20% Audio-SMT","","","","20%","","100uF",""
"C52","UCQ1E101MCL1GS","Pufferfish:UCQ1E101MCL1GS","Pufferfish:CAPAE660X820N","Aluminum Electrolytic Capacitors - SMD 25V 100uf 20% Audio-SMT","","","","20%","","100uF",""
"C53","UCQ1E101MCL1GS","Pufferfish:UCQ1E101MCL1GS","Pufferfish:CAPAE660X820N","Aluminum Electrolytic Capacitors - SMD 25V 100uf 20% Audio-SMT","","","","20%","","100uF",""
"CONN1","B4B-PH-SM4-TB(LF)(SN)","Pufferfish:B4B-PH-SM4-TB(LF)(SN)","Pufferfish:JST_B4B-PH-SM4-TB","Connector Header Surface Mount 4 position 0.079"" (2.00mm)","","JST Sales America Inc.","","","","",""
"CONN2","B4B-PH-SM4-TB(LF)(SN)","Pufferfish:B4B-PH-SM4-TB(LF)(SN)","Pufferfish:JST_B4B-PH-SM4-TB","Connector Header Surface Mount 4 position 0.079"" (2.00mm)","","JST Sales America Inc.","","","","",""
"CONN3","B4B-PH-SM4-TB(LF)(SN)","Pufferfish:B4B-PH-SM4-TB(LF)(SN)","Pufferfish:JST_B4B-PH-SM4-TB","Connector Header Surface Mount 4 position 0.079"" (2.00mm)","","JST Sales America Inc.","","","","",""
"CONN4","B4B-PH-SM4-TB(LF)(SN)","Pufferfish:B4B-PH-SM4-TB(LF)(SN)","Pufferfish:JST_B4B-PH-SM4-TB","Connector Header Surface Mount 4 position 0.079"" (2.00mm)","","JST Sales America Inc.","","","","",""
"CONN5","B2B-PH-SM4-TB(LF)(SN)","Pufferfish:B2B-PH-SM4-TB(LF)(SN)","Pufferfish:JST_B2B-PH-SM4-TB","Connector Header Surface Mount 2 position 0.079"" (2.00mm)","","JST Sales America Inc.","","","","",""
"CONN6","B2B-PH-SM4-TB(LF)(SN)","Pufferfish:B2B-PH-SM4-TB(LF)(SN)","Pufferfish:JST_B2B-PH-SM4-TB","Connector Header Surface Mount 2 position 0.079"" (2.00mm)","","JST Sales America Inc.","","","","",""
"CONN7","B2B-PH-SM4-TB(LF)(SN)","Pufferfish:B2B-PH-SM4-TB(LF)(SN)","Pufferfish:JST_B2B-PH-SM4-TB","Connector Header Surface Mount 2 position 0.079"" (2.00mm)","","JST Sales America Inc.","","","","",""
"CONN8","B2B-PH-SM4-TB(LF)(SN)","Pufferfish:B2B-PH-SM4-TB(LF)(SN)","Pufferfish:JST_B2B-PH-SM4-TB","Connector Header Surface Mount 2 position 0.079"" (2.00mm)","","JST Sales America Inc.","","","","",""
"CONN9","B2B-PH-SM4-TB(LF)(SN)","Pufferfish:B2B-PH-SM4-TB(LF)(SN)","Pufferfish:JST_B2B-PH-SM4-TB","Connector Header Surface Mount 2 position 0.079"" (2.00mm)","","JST Sales America Inc.","","","","",""
"CONN10","B2B-PH-SM4-TB(LF)(SN)","Pufferfish:B2B-PH-SM4-TB(LF)(SN)","Pufferfish:JST_B2B-PH-SM4-TB","Connector Header Surface Mount 2 position 0.079"" (2.00mm)","","JST Sales America Inc.","","","","",""
"CONN11","B2B-PH-SM4-TB(LF)(SN)","Pufferfish:B2B-PH-SM4-TB(LF)(SN)","Pufferfish:JST_B2B-PH-SM4-TB","Connector Header Surface Mount 2 position 0.079"" (2.00mm)","","JST Sales America Inc.","","","","",""
"CONN12","B2B-PH-SM4-TB(LF)(SN)","Pufferfish:B2B-PH-SM4-TB(LF)(SN)","Pufferfish:JST_B2B-PH-SM4-TB","Connector Header Surface Mount 2 position 0.079"" (2.00mm)","","JST Sales America Inc.","","","","",""
"CONN13","B2B-PH-SM4-TB(LF)(SN)","Pufferfish:B2B-PH-SM4-TB(LF)(SN)","Pufferfish:JST_B2B-PH-SM4-TB","Connector Header Surface Mount 2 position 0.079"" (2.00mm)","","JST Sales America Inc.","","","","",""
"CONN14","B2B-PH-SM4-TB(LF)(SN)","Pufferfish:B2B-PH-SM4-TB(LF)(SN)","Pufferfish:JST_B2B-PH-SM4-TB","Connector Header Surface Mount 2 position 0.079"" (2.00mm)","","JST Sales America Inc.","","","","",""
"CONN15","B2B-PH-SM4-TB(LF)(SN)","Pufferfish:B2B-PH-SM4-TB(LF)(SN)","Pufferfish:JST_B2B-PH-SM4-TB","Connector Header Surface Mount 2 position 0.079"" (2.00mm)","","JST Sales America Inc.","","","","",""
"CONN16","B2B-PH-SM4-TB(LF)(SN)","Pufferfish:B2B-PH-SM4-TB(LF)(SN)","Pufferfish:JST_B2B-PH-SM4-TB","Connector Header Surface Mount 2 position 0.079"" (2.00mm)","","JST Sales America Inc.","","","","",""
"CONN17","B2B-PH-SM4-TB(LF)(SN)","Pufferfish:B2B-PH-SM4-TB(LF)(SN)","Pufferfish:JST_B2B-PH-SM4-TB","Connector Header Surface Mount 2 position 0.079"" (2.00mm)","","JST Sales America Inc.","","","","",""
"CONN18","B2B-PH-SM4-TB(LF)(SN)","Pufferfish:B2B-PH-SM4-TB(LF)(SN)","Pufferfish:JST_B2B-PH-SM4-TB","Connector Header Surface Mount 2 position 0.079"" (2.00mm)","","JST Sales America Inc.","","","","",""
"CONN19","B4B-PH-SM4-TB(LF)(SN)","Pufferfish:B4B-PH-SM4-TB(LF)(SN)","Pufferfish:JST_B4B-PH-SM4-TB","Connector Header Surface Mount 4 position 0.079"" (2.00mm)","","JST Sales America Inc.","","","","",""
"CONN20","B4B-PH-SM4-TB(LF)(SN)","Pufferfish:B4B-PH-SM4-TB(LF)(SN)","Pufferfish:JST_B4B-PH-SM4-TB","Connector Header Surface Mount 4 position 0.079"" (2.00mm)","","JST Sales America Inc.","","","","",""
"CONN21","B4B-PH-SM4-TB(LF)(SN)","Pufferfish:B4B-PH-SM4-TB(LF)(SN)","Pufferfish:JST_B4B-PH-SM4-TB","Connector Header Surface Mount 4 position 0.079"" (2.00mm)","","JST Sales America Inc.","","","","",""
"CONN22","B4B-PH-SM4-TB(LF)(SN)","Pufferfish:B4B-PH-SM4-TB(LF)(SN)","Pufferfish:JST_B4B-PH-SM4-TB","Connector Header Surface Mount 4 position 0.079"" (2.00mm)","","JST Sales America Inc.","","","","",""
"CONN23","5103308-3","Pufferfish:5103308-3","Pufferfish:SHDR16W66P254_2X8","Headers & Wire Housings 16P 2 ROW HEADER LP","","","","","","",""
"CONN24","5103308-3","Pufferfish:5103308-3","Pufferfish:SHDR16W66P254_2X8","Headers & Wire Housings 16P 2 ROW HEADER LP","","","","","","",""
"D1","LED_SMD_0805","Pufferfish:LED_SMD_0805","Pufferfish:LED_SMD_0805","Light emitting diode, filled shape, SMT, SMD","","","","","","",""
"D2","LED_SMD_0805","Pufferfish:LED_SMD_0805","Pufferfish:LED_SMD_0805","Light emitting diode, filled shape, SMT, SMD","","","","","","",""
"D3","LED_SMD_0805","Pufferfish:LED_SMD_0805","Pufferfish:LED_SMD_0805","Light emitting diode, filled shape, SMT, SMD","","","","","","",""
"DRIVE1","TPL7407LADR","Pufferfish:TPL7407LADR","Pufferfish:SOIC127P600X175-16N","Gate Drivers 30-V, 7-Channel NMOS Array Low-Side Driver 16-SOIC -40 to 125","","","","","","",""
"DRIVE2","TPL7407LADR","Pufferfish:TPL7407LADR","Pufferfish:SOIC127P600X175-16N","Gate Drivers 30-V, 7-Channel NMOS Array Low-Side Driver 16-SOIC -40 to 125","","","","","","",""
"DRIVE3","TMC2209-SilentStepStick","Pufferfish:TMC2209-SilentStepStick","Pufferfish:MODULE_TMC2209_SilentStepStick","Stepper motor controller & driver","","Trinamic Motion Control ","","","","",""
"DRIVE4","TMC2209-SilentStepStick","Pufferfish:TMC2209-SilentStepStick","Pufferfish:MODULE_TMC2209_SilentStepStick","Stepper motor controller & driver","","Trinamic Motion Control ","","","","",""
"DRIVE5","TMC2209-SilentStepStick","Pufferfish:TMC2209-SilentStepStick","Pufferfish:MODULE_TMC2209_SilentStepStick","Stepper motor controller & driver","","Trinamic Motion Control ","","","","",""
"DRIVE6","TMC2209-SilentStepStick","Pufferfish:TMC2209-SilentStepStick","Pufferfish:MODULE_TMC2209_SilentStepStick","Stepper motor controller & driver","","Trinamic Motion Control ","","","","",""
"H1","STANDOFF_ELECTRICAL","Pufferfish:STANDOFF_ELECTRICAL","Pufferfish:STANDOFF-ELECTRICAL-NOTHERMALS","","","","","","","",""
"H2","STANDOFF_ELECTRICAL","Pufferfish:STANDOFF_ELECTRICAL","Pufferfish:STANDOFF-ELECTRICAL-NOTHERMALS","","","","","","","",""
"H3","STANDOFF_ELECTRICAL","Pufferfish:STANDOFF_ELECTRICAL","Pufferfish:STANDOFF-ELECTRICAL-NOTHERMALS","","","","","","","",""
"H4","STANDOFF_ELECTRICAL","Pufferfish:STANDOFF_ELECTRICAL","Pufferfish:STANDOFF-ELECTRICAL-NOTHERMALS","","","","","","","",""
"H5","STANDOFF_ELECTRICAL","Pufferfish:STANDOFF_ELECTRICAL","Pufferfish:STANDOFF-ELECTRICAL-NOTHERMALS","","","","","","","",""
"H6","STANDOFF_ELECTRICAL","Pufferfish:STANDOFF_ELECTRICAL","Pufferfish:STANDOFF-ELECTRICAL-NOTHERMALS","","","","","","","",""
"IC1","TCA9548APWR","Pufferfish:TCA9548APWR","Pufferfish:SOP65P640X120-24N","TEXAS INSTRUMENTS - TCA9548APWR - I2C SWITCH W/ RESET, 8-CH, TSSOP-24","","","","","","",""
"IC2","TCA9548APWR","Pufferfish:TCA9548APWR","Pufferfish:SOP65P640X120-24N","TEXAS INSTRUMENTS - TCA9548APWR - I2C SWITCH W/ RESET, 8-CH, TSSOP-24","","","","","","",""
"IC3","LMP91000SDE","Pufferfish:LMP91000SDE","Pufferfish:SON50P400X400X80-15N","Texas Instruments,LMP91000SDE/NOPB,AFE LMP91000SDE/NOPB, Analogue Front End IC, 1-channel Serial-I2C, 14-Pin WSON","","","","","","",""
"IC4","W25Q16JVSSIQ","Pufferfish:W25Q16JVSSIQ","Pufferfish:SOIC127P790X216-8N","NOR Flash spiFlash, 3V, 16M-bit, 4Kb Uniform Sector","","","","","","",""
"J1","TERMINAL_SCREW_4_2.54mm","Pufferfish:TERMINAL_SCREW_4_2.54mm","Pufferfish:TERMINAL_PIN_4_2.54mm","Screw terminal, connector, 4x1 pin, 2.54mm","","","","","","",""
"J2","TERMINAL_SCREW_4_2.54mm","Pufferfish:TERMINAL_SCREW_4_2.54mm","Pufferfish:TERMINAL_PIN_4_2.54mm","Screw terminal, connector, 4x1 pin, 2.54mm","","","","","","",""
"J3","TERMINAL_SCREW_8_2.54mm","Pufferfish:TERMINAL_SCREW_8_2.54mm","Pufferfish:TERMINAL_PIN_8_2.54mm","Screw terminal, connector, 8x1 pin, 2.54mm","","","","","","",""
"J4","TERMINAL_SCREW_4_2.54mm","Pufferfish:TERMINAL_SCREW_4_2.54mm","Pufferfish:TERMINAL_PIN_4_2.54mm","Screw terminal, connector, 4x1 pin, 2.54mm","","","","","","",""
"L1","LOGO_PUFFERFISH","Pufferfish:LOGO_PUFFERFISH","Pufferfish:LOGO_PUFFERFISH","","","","","","","",""
"MOD1","NUCLEO-F429ZI","Pufferfish:NUCLEO-F429ZI","MODULE_NUCLEO-F429ZI","STM32 Nucleo-144 development board with STM32F429ZIT6 MCU, supports Arduino, ST Zio and Morpho","","STMicroelectronics","","","","",""
"PRESS1","ABPMAND001PG2A3","Pufferfish:ABPMAND001PG2A3","Pufferfish:ABPMANN030PG2A3","ABPMAND001PG2A3, Differential Pressure Sensor 1psi 6-Pin SMT","","","","","","","0-1psi"
"PRESS2","ABPMAND001PG2A3","Pufferfish:ABPMAND001PG2A3","Pufferfish:ABPMANN030PG2A3","ABPMAND001PG2A3, Differential Pressure Sensor 1psi 6-Pin SMT","","","","","","","0-1psi"
"PRESS3","ABPMAND001PG2A3","Pufferfish:ABPMAND001PG2A3","Pufferfish:ABPMANN030PG2A3","ABPMAND001PG2A3, Differential Pressure Sensor 1psi 6-Pin SMT","","","","","","","0-1psi"
"PRESS4","HSCMRRN100MDSA3","Pufferfish:HSCMRRN100MDSA3","Pufferfish:PRESSURE_HSC_SOIC-8","Board Mount Pressure Sensors SMT, Dual Rad Barbed Differential, 3.3V","","Honeywell","","","","","±100mbar"
"PRESS5","HSCMRRN100MDSA3","Pufferfish:HSCMRRN100MDSA3","Pufferfish:PRESSURE_HSC_SOIC-8","Board Mount Pressure Sensors SMT, Dual Rad Barbed Differential, 3.3V","","Honeywell","","","","","±100mbar"
"PRESS6","HSCMRRN100MDSA3","Pufferfish:HSCMRRN100MDSA3","Pufferfish:PRESSURE_HSC_SOIC-8","Board Mount Pressure Sensors SMT, Dual Rad Barbed Differential, 3.3V","","Honeywell","","","","","±100mbar"
"PRESS7","ABPMANN030PG2A3","Pufferfish:ABPMANN030PG2A3","Pufferfish:ABPMANN030PG2A3","ABPMANN030PG2A3, Differential Pressure Sensor 30psi 6-Pin SMT","","","","","","","0-30psi"
"PRESS8","ABPMANN030PG2A3","Pufferfish:ABPMANN030PG2A3","Pufferfish:ABPMANN030PG2A3","ABPMANN030PG2A3, Differential Pressure Sensor 30psi 6-Pin SMT","","","","","","","0-30psi"
"PRESS9","ABPMAND001PG2A3","Pufferfish:ABPMAND001PG2A3","Pufferfish:ABPMANN030PG2A3","ABPMAND001PG2A3, Differential Pressure Sensor 1psi 6-Pin SMT","","","","","","","0-1psi"
"PRESS10","HSCMRRN060PDSA3","Pufferfish:HSCMRRN060PDSA3","Pufferfish:PRESSURE_HSC_SOIC-8","Board Mount Pressure Sensors SMT, Dual Rad Barbed Differential, 3.3V
Board Mount Pressure Sensors SMT, Dual Rad Barbed Differential, 3.3V","","Honeywell","","","","","±60psi "
"PRESS11","HSCMRRN060PDSA3","Pufferfish:HSCMRRN060PDSA3","Pufferfish:PRESSURE_HSC_SOIC-8","Board Mount Pressure Sensors SMT, Dual Rad Barbed Differential, 3.3V
Board Mount Pressure Sensors SMT, Dual Rad Barbed Differential, 3.3V","","Honeywell","","","","","±60psi "
"PRESS12","HSCMRRN060PDSA3","Pufferfish:HSCMRRN060PDSA3","Pufferfish:PRESSURE_HSC_SOIC-8","Board Mount Pressure Sensors SMT, Dual Rad Barbed Differential, 3.3V
Board Mount Pressure Sensors SMT, Dual Rad Barbed Differential, 3.3V","","Honeywell","","","","","±60psi "
"PRESS13","SDP810-125PA","Pufferfish:SDP810-125PA","Pufferfish:PRESSURE_SDP81x","Sensirion SDP810-125PA, Differential Pressure Sensor +125Pa 4-Pin","","Sensirion","","","","","±125Pa"
"PRESS14","SENSIRION_EK-P4_JST","Pufferfish:SENSIRION_EK-P4_JST","Pufferfish:SENSIRION_EK-P_JST","Pressure Sensor Development Tools Evaluation kit SDP31","","Sensirion ","","","","","±500Pa"
"PRESS15","SENSIRION_EK-P4_JST","Pufferfish:SENSIRION_EK-P4_JST","Pufferfish:SENSIRION_EK-P_JST","Pressure Sensor Development Tools Evaluation kit SDP31","","Sensirion ","","","","","±500Pa"
"PRESS16","SENSIRION_SFM3000_JST","Pufferfish:SENSIRION_SFM3000_JST","Pufferfish:SENSIRION_SFM3000_JST","AIR/GAS FLOW SENSOR +/-200 SLM W (SFM3000-200C)","","Sensirion ","","","","","0-1.25mbar "
"PRESS17","SENSIRION_EK-P4_JST","Pufferfish:SENSIRION_EK-P4_JST","Pufferfish:SENSIRION_EK-P_JST","Pressure Sensor Development Tools Evaluation kit SDP31","","Sensirion ","","","","","±500Pa"
"PRESS18","SENSIRION_EK-P4_JST","Pufferfish:SENSIRION_EK-P4_JST","Pufferfish:SENSIRION_EK-P_JST","Pressure Sensor Development Tools Evaluation kit SDP31","","Sensirion ","","","","","±500Pa"
"Q1","2N7002E","Transistor_FET:2N7002E","Package_TO_SOT_SMD:SOT-23","0.24A Id, 60V Vds, N-Channel MOSFET, SOT-23","","","","","","",""
"Q2","TP0610T","Transistor_FET:TP0610T","Package_TO_SOT_SMD:SOT-23","-0.18A Id, -60V Vds, P-Channel MOSFET, SOT-23","","","","","","",""
"R1","SHORT_SMD_0603","Pufferfish:SHORT_SMD_0603","Pufferfish:SHORT_SMD_0603","Shorting resistor, small US symbol, 0603, SMD, SMT","","","","?%","0X","",""
"R2","SHORT_SMD_0603","Pufferfish:SHORT_SMD_0603","Pufferfish:SHORT_SMD_0603","Shorting resistor, small US symbol, 0603, SMD, SMT","","","","?%","0X","",""
"R3","SHORT_SMD_0603","Pufferfish:SHORT_SMD_0603","Pufferfish:SHORT_SMD_0603","Shorting resistor, small US symbol, 0603, SMD, SMT","","","","?%","0X","",""
"R4","SHORT_SMD_0603","Pufferfish:SHORT_SMD_0603","Pufferfish:SHORT_SMD_0603","Shorting resistor, small US symbol, 0603, SMD, SMT","","","","?%","0X","",""
"R5","SHORT_SMD_0603","Pufferfish:SHORT_SMD_0603","Pufferfish:SHORT_SMD_0603","Shorting resistor, small US symbol, 0603, SMD, SMT","","","","?%","0X","",""
"R6","SHORT_SMD_0603","Pufferfish:SHORT_SMD_0603","Pufferfish:SHORT_SMD_0603","Shorting resistor, small US symbol, 0603, SMD, SMT","","","","?%","0X","",""
"R7","SHORT_SMD_0603","Pufferfish:SHORT_SMD_0603","Pufferfish:SHORT_SMD_0603","Shorting resistor, small US symbol, 0603, SMD, SMT","","","","?%","0X","",""
"R8","SHORT_SMD_0603","Pufferfish:SHORT_SMD_0603","Pufferfish:SHORT_SMD_0603","Shorting resistor, small US symbol, 0603, SMD, SMT","","","","?%","0X","",""
"R9","SHORT_SMD_0603","Pufferfish:SHORT_SMD_0603","Pufferfish:SHORT_SMD_0603","Shorting resistor, small US symbol, 0603, SMD, SMT","","","","?%","0X","",""
"R10","SHORT_SMD_0603","Pufferfish:SHORT_SMD_0603","Pufferfish:SHORT_SMD_0603","Shorting resistor, small US symbol, 0603, SMD, SMT","","","","?%","0X","",""
"R11","SHORT_SMD_0603","Pufferfish:SHORT_SMD_0603","Pufferfish:SHORT_SMD_0603","Shorting resistor, small US symbol, 0603, SMD, SMT","","","","?%","0X","",""
"R12","SHORT_SMD_0603","Pufferfish:SHORT_SMD_0603","Pufferfish:SHORT_SMD_0603","Shorting resistor, small US symbol, 0603, SMD, SMT","","","","?%","0X","",""
"R13","RES_SMD_0603","Pufferfish:RES_SMD_0603","Pufferfish:RES_SMD_0603","Resistor, small US symbol, 0603, SMD, SMT","","","","?%","DNP","",""
"R14","RES_SMD_0603","Pufferfish:RES_SMD_0603","Pufferfish:RES_SMD_0603","Resistor, small US symbol, 0603, SMD, SMT","","","","?%","0X","",""
"R15","SHORT_SMD_0603","Pufferfish:SHORT_SMD_0603","Pufferfish:SHORT_SMD_0603","Shorting resistor, small US symbol, 0603, SMD, SMT","","","","?%","0X","",""
"R16","SHORT_SMD_0603","Pufferfish:SHORT_SMD_0603","Pufferfish:SHORT_SMD_0603","Shorting resistor, small US symbol, 0603, SMD, SMT","","","","?%","0X","",""
"R17","RES_SMD_0603","Pufferfish:RES_SMD_0603","Pufferfish:RES_SMD_0603","Resistor, small US symbol, 0603, SMD, SMT","","","","?%","DNP","",""
"R18","SHORT_SMD_0603","Pufferfish:SHORT_SMD_0603","Pufferfish:SHORT_SMD_0603","Shorting resistor, small US symbol, 0603, SMD, SMT","","","","?%","0X","",""
"R19","SHORT_SMD_0603","Pufferfish:SHORT_SMD_0603","Pufferfish:SHORT_SMD_0603","Shorting resistor, small US symbol, 0603, SMD, SMT","","","","?%","0X","",""
"R20","SHORT_SMD_0603","Pufferfish:SHORT_SMD_0603","Pufferfish:SHORT_SMD_0603","Shorting resistor, small US symbol, 0603, SMD, SMT","","","","?%","0X","",""
"R21","SHORT_SMD_0603","Pufferfish:SHORT_SMD_0603","Pufferfish:SHORT_SMD_0603","Shorting resistor, small US symbol, 0603, SMD, SMT","","","","?%","0X","",""
"R22","SHORT_SMD_0603","Pufferfish:SHORT_SMD_0603","Pufferfish:SHORT_SMD_0603","Shorting resistor, small US symbol, 0603, SMD, SMT","","","","?%","0X","",""
"R23","SHORT_SMD_0603","Pufferfish:SHORT_SMD_0603","Pufferfish:SHORT_SMD_0603","Shorting resistor, small US symbol, 0603, SMD, SMT","","","","?%","0X","",""
"R24","SHORT_SMD_0603","Pufferfish:SHORT_SMD_0603","Pufferfish:SHORT_SMD_0603","Shorting resistor, small US symbol, 0603, SMD, SMT","","","","?%","0X","",""
"R25","SHORT_SMD_0603","Pufferfish:SHORT_SMD_0603","Pufferfish:SHORT_SMD_0603","Shorting resistor, small US symbol, 0603, SMD, SMT","","","","?%","0X","",""
"R26","SHORT_SMD_0603","Pufferfish:SHORT_SMD_0603","Pufferfish:SHORT_SMD_0603","Shorting resistor, small US symbol, 0603, SMD, SMT","","","","?%","0X","",""
"R27","SHORT_SMD_0603","Pufferfish:SHORT_SMD_0603","Pufferfish:SHORT_SMD_0603","Shorting resistor, small US symbol, 0603, SMD, SMT","","","","?%","0X","",""
"R28","SHORT_SMD_0603","Pufferfish:SHORT_SMD_0603","Pufferfish:SHORT_SMD_0603","Shorting resistor, small US symbol, 0603, SMD, SMT","","","","?%","0X","",""
"R29","SHORT_SMD_0603","Pufferfish:SHORT_SMD_0603","Pufferfish:SHORT_SMD_0603","Shorting resistor, small US symbol, 0603, SMD, SMT","","","","?%","0X","",""
"R30","SHORT_SMD_0603","Pufferfish:SHORT_SMD_0603","Pufferfish:SHORT_SMD_0603","Shorting resistor, small US symbol, 0603, SMD, SMT","","","","?%","0X","",""
"R31","SHORT_SMD_0603","Pufferfish:SHORT_SMD_0603","Pufferfish:SHORT_SMD_0603","Shorting resistor, small US symbol, 0603, SMD, SMT","","","","?%","0X","",""
"R32","SHORT_SMD_0603","Pufferfish:SHORT_SMD_0603","Pufferfish:SHORT_SMD_0603","Shorting resistor, small US symbol, 0603, SMD, SMT","","","","?%","0X","",""
"R33","SHORT_SMD_0603","Pufferfish:SHORT_SMD_0603","Pufferfish:SHORT_SMD_0603","Shorting resistor, small US symbol, 0603, SMD, SMT","","","","?%","0X","",""
"R34","SHORT_SMD_0603","Pufferfish:SHORT_SMD_0603","Pufferfish:SHORT_SMD_0603","Shorting resistor, small US symbol, 0603, SMD, SMT","","","","?%","0X","",""
"R35","RES_SMD_0603","Pufferfish:RES_SMD_0603","Pufferfish:RES_SMD_0603","Resistor, small US symbol, 0603, SMD, SMT","","","","?%","DNP","",""
"R36","RES_SMD_0603","Pufferfish:RES_SMD_0603","Pufferfish:RES_SMD_0603","Resistor, small US symbol, 0603, SMD, SMT","","","","?%","DNP","",""
"R37","RES_SMD_0603","Pufferfish:RES_SMD_0603","Pufferfish:RES_SMD_0603","Resistor, small US symbol, 0603, SMD, SMT","","","","?%","DNP","",""
"R38","RES_SMD_0603","Pufferfish:RES_SMD_0603","Pufferfish:RES_SMD_0603","Resistor, small US symbol, 0603, SMD, SMT","","","","?%","DNP","",""
"R39","RES_SMD_0603","Pufferfish:RES_SMD_0603","Pufferfish:RES_SMD_0603","Resistor, small US symbol, 0603, SMD, SMT","","","","?%","DNP","",""
"R40","SHORT_SMD_0603","Pufferfish:SHORT_SMD_0603","Pufferfish:SHORT_SMD_0603","Shorting resistor, small US symbol, 0603, SMD, SMT","","","","?%","0X","",""
"R41","SHORT_SMD_0603","Pufferfish:SHORT_SMD_0603","Pufferfish:SHORT_SMD_0603","Shorting resistor, small US symbol, 0603, SMD, SMT","","","","?%","0X","",""
"R42","SHORT_SMD_0603","Pufferfish:SHORT_SMD_0603","Pufferfish:SHORT_SMD_0603","Shorting resistor, small US symbol, 0603, SMD, SMT","","","","?%","0X","",""
"R43","SHORT_SMD_0603","Pufferfish:SHORT_SMD_0603","Pufferfish:SHORT_SMD_0603","Shorting resistor, small US symbol, 0603, SMD, SMT","","","","?%","0X","",""
"R44","SHORT_SMD_0603","Pufferfish:SHORT_SMD_0603","Pufferfish:SHORT_SMD_0603","Shorting resistor, small US symbol, 0603, SMD, SMT","","","","?%","0X","",""
"R45","SHORT_SMD_0603","Pufferfish:SHORT_SMD_0603","Pufferfish:SHORT_SMD_0603","Shorting resistor, small US symbol, 0603, SMD, SMT","","","","?%","0X","",""
"R46","SHORT_SMD_0603","Pufferfish:SHORT_SMD_0603","Pufferfish:SHORT_SMD_0603","Shorting resistor, small US symbol, 0603, SMD, SMT","","","","?%","0X","",""
"R47","SHORT_SMD_0603","Pufferfish:SHORT_SMD_0603","Pufferfish:SHORT_SMD_0603","Shorting resistor, small US symbol, 0603, SMD, SMT","","","","?%","0X","",""
"R48","SHORT_SMD_0603","Pufferfish:SHORT_SMD_0603","Pufferfish:SHORT_SMD_0603","Shorting resistor, small US symbol, 0603, SMD, SMT","","","","?%","0X","",""
"R49","SHORT_SMD_0603","Pufferfish:SHORT_SMD_0603","Pufferfish:SHORT_SMD_0603","Shorting resistor, small US symbol, 0603, SMD, SMT","","","","?%","0X","",""
"R50","SHORT_SMD_0603","Pufferfish:SHORT_SMD_0603","Pufferfish:SHORT_SMD_0603","Shorting resistor, small US symbol, 0603, SMD, SMT","","","","?%","0X","",""
"R51","SHORT_SMD_0603","Pufferfish:SHORT_SMD_0603","Pufferfish:SHORT_SMD_0603","Shorting resistor, small US symbol, 0603, SMD, SMT","","","","?%","0X","",""
"R52","SHORT_SMD_0603","Pufferfish:SHORT_SMD_0603","Pufferfish:SHORT_SMD_0603","Shorting resistor, small US symbol, 0603, SMD, SMT","","","","?%","0X","",""
"R53","SHORT_SMD_0805","Pufferfish:SHORT_SMD_0805","Pufferfish:SHORT_SMD_0805","Shorting resistor, small US symbol, 0603, SMD, SMT","","","","?%","0X","",""
"R54","SHORT_SMD_0603","Pufferfish:SHORT_SMD_0603","Pufferfish:SHORT_SMD_0603","Shorting resistor, small US symbol, 0603, SMD, SMT","","","","?%","0X","",""
"R55","SHORT_SMD_0603","Pufferfish:SHORT_SMD_0603","Pufferfish:SHORT_SMD_0603","Shorting resistor, small US symbol, 0603, SMD, SMT","","","","?%","0X","",""
"R56","SHORT_SMD_0603","Pufferfish:SHORT_SMD_0603","Pufferfish:SHORT_SMD_0603","Shorting resistor, small US symbol, 0603, SMD, SMT","","","","?%","0X","",""
"R57","SHORT_SMD_0603","Pufferfish:SHORT_SMD_0603","Pufferfish:SHORT_SMD_0603","Shorting resistor, small US symbol, 0603, SMD, SMT","","","","?%","0X","",""
"R58","SHORT_SMD_0603","Pufferfish:SHORT_SMD_0603","Pufferfish:SHORT_SMD_0603","Shorting resistor, small US symbol, 0603, SMD, SMT","","","","?%","0X","",""
"R59","SHORT_SMD_0603","Pufferfish:SHORT_SMD_0603","Pufferfish:SHORT_SMD_0603","Shorting resistor, small US symbol, 0603, SMD, SMT","","","","?%","0X","",""
"R60","SHORT_SMD_0603","Pufferfish:SHORT_SMD_0603","Pufferfish:SHORT_SMD_0603","Shorting resistor, small US symbol, 0603, SMD, SMT","","","","?%","0X","",""
"R61","SHORT_SMD_0603","Pufferfish:SHORT_SMD_0603","Pufferfish:SHORT_SMD_0603","Shorting resistor, small US symbol, 0603, SMD, SMT","","","","?%","0X","",""
"R62","SHORT_SMD_0603","Pufferfish:SHORT_SMD_0603","Pufferfish:SHORT_SMD_0603","Shorting resistor, small US symbol, 0603, SMD, SMT","","","","?%","0X","",""
"R63","SHORT_SMD_0603","Pufferfish:SHORT_SMD_0603","Pufferfish:SHORT_SMD_0603","Shorting resistor, small US symbol, 0603, SMD, SMT","","","","?%","0X","",""
"R64","SHORT_SMD_0603","Pufferfish:SHORT_SMD_0603","Pufferfish:SHORT_SMD_0603","Shorting resistor, small US symbol, 0603, SMD, SMT","","","","?%","0X","",""
"R65","SHORT_SMD_0603","Pufferfish:SHORT_SMD_0603","Pufferfish:SHORT_SMD_0603","Shorting resistor, small US symbol, 0603, SMD, SMT","","","","?%","0X","",""
"R66","SHORT_SMD_0603","Pufferfish:SHORT_SMD_0603","Pufferfish:SHORT_SMD_0603","Shorting resistor, small US symbol, 0603, SMD, SMT","","","","?%","0X","",""
"R67","SHORT_SMD_0603","Pufferfish:SHORT_SMD_0603","Pufferfish:SHORT_SMD_0603","Shorting resistor, small US symbol, 0603, SMD, SMT","","","","?%","0X","",""
"R68","SHORT_SMD_0603","Pufferfish:SHORT_SMD_0603","Pufferfish:SHORT_SMD_0603","Shorting resistor, small US symbol, 0603, SMD, SMT","","","","?%","0X","",""
"R69","SHORT_SMD_0603","Pufferfish:SHORT_SMD_0603","Pufferfish:SHORT_SMD_0603","Shorting resistor, small US symbol, 0603, SMD, SMT","","","","?%","0X","",""
"R70","SHORT_SMD_0603","Pufferfish:SHORT_SMD_0603","Pufferfish:SHORT_SMD_0603","Shorting resistor, small US symbol, 0603, SMD, SMT","","","","?%","0X","",""
"R71","SHORT_SMD_0603","Pufferfish:SHORT_SMD_0603","Pufferfish:SHORT_SMD_0603","Shorting resistor, small US symbol, 0603, SMD, SMT","","","","?%","0X","",""
"R72","SHORT_SMD_0603","Pufferfish:SHORT_SMD_0603","Pufferfish:SHORT_SMD_0603","Shorting resistor, small US symbol, 0603, SMD, SMT","","","","?%","0X","",""
"R73","SHORT_SMD_0603","Pufferfish:SHORT_SMD_0603","Pufferfish:SHORT_SMD_0603","Shorting resistor, small US symbol, 0603, SMD, SMT","","","","?%","0X","",""
"R74","SHORT_SMD_0603","Pufferfish:SHORT_SMD_0603","Pufferfish:SHORT_SMD_0603","Shorting resistor, small US symbol, 0603, SMD, SMT","","","","?%","0X","",""
"R75","SHORT_SMD_0603","Pufferfish:SHORT_SMD_0603","Pufferfish:SHORT_SMD_0603","Shorting resistor, small US symbol, 0603, SMD, SMT","","","","?%","0X","",""
"R76","SHORT_SMD_0603","Pufferfish:SHORT_SMD_0603","Pufferfish:SHORT_SMD_0603","Shorting resistor, small US symbol, 0603, SMD, SMT","","","","?%","0X","",""
"R77","SHORT_SMD_0603","Pufferfish:SHORT_SMD_0603","Pufferfish:SHORT_SMD_0603","Shorting resistor, small US symbol, 0603, SMD, SMT","","","","?%","0X","",""
"R78","SHORT_SMD_0603","Pufferfish:SHORT_SMD_0603","Pufferfish:SHORT_SMD_0603","Shorting resistor, small US symbol, 0603, SMD, SMT","","","","?%","0X","",""
"R79","SHORT_SMD_0603","Pufferfish:SHORT_SMD_0603","Pufferfish:SHORT_SMD_0603","Shorting resistor, small US symbol, 0603, SMD, SMT","","","","?%","0X","",""
"R80","SHORT_SMD_0603","Pufferfish:SHORT_SMD_0603","Pufferfish:SHORT_SMD_0603","Shorting resistor, small US symbol, 0603, SMD, SMT","","","","?%","0X","",""
"R81","SHORT_SMD_0603","Pufferfish:SHORT_SMD_0603","Pufferfish:SHORT_SMD_0603","Shorting resistor, small US symbol, 0603, SMD, SMT","","","","?%","0X","",""
"R82","SHORT_SMD_0603","Pufferfish:SHORT_SMD_0603","Pufferfish:SHORT_SMD_0603","Shorting resistor, small US symbol, 0603, SMD, SMT","","","","?%","0X","",""
"R83","SHORT_SMD_0603","Pufferfish:SHORT_SMD_0603","Pufferfish:SHORT_SMD_0603","Shorting resistor, small US symbol, 0603, SMD, SMT","","","","?%","0X","",""
"R84","SHORT_SMD_0603","Pufferfish:SHORT_SMD_0603","Pufferfish:SHORT_SMD_0603","Shorting resistor, small US symbol, 0603, SMD, SMT","","","","?%","0X","",""
"R85","SHORT_SMD_0603","Pufferfish:SHORT_SMD_0603","Pufferfish:SHORT_SMD_0603","Shorting resistor, small US symbol, 0603, SMD, SMT","","","","?%","0X","",""
"R86","SHORT_SMD_0603","Pufferfish:SHORT_SMD_0603","Pufferfish:SHORT_SMD_0603","Shorting resistor, small US symbol, 0603, SMD, SMT","","","","?%","0X","",""
"R87","SHORT_SMD_0603","Pufferfish:SHORT_SMD_0603","Pufferfish:SHORT_SMD_0603","Shorting resistor, small US symbol, 0603, SMD, SMT","","","","?%","0X","",""
"R88","SHORT_SMD_0603","Pufferfish:SHORT_SMD_0603","Pufferfish:SHORT_SMD_0603","Shorting resistor, small US symbol, 0603, SMD, SMT","","","","?%","0X","",""
"R89","SHORT_SMD_0603","Pufferfish:SHORT_SMD_0603","Pufferfish:SHORT_SMD_0603","Shorting resistor, small US symbol, 0603, SMD, SMT","","","","?%","0X","",""
"R90","SHORT_SMD_0603","Pufferfish:SHORT_SMD_0603","Pufferfish:SHORT_SMD_0603","Shorting resistor, small US symbol, 0603, SMD, SMT","","","","?%","0X","",""
"R91","SHORT_SMD_0603","Pufferfish:SHORT_SMD_0603","Pufferfish:SHORT_SMD_0603","Shorting resistor, small US symbol, 0603, SMD, SMT","","","","?%","0X","",""
"R92","SHORT_SMD_0603","Pufferfish:SHORT_SMD_0603","Pufferfish:SHORT_SMD_0603","Shorting resistor, small US symbol, 0603, SMD, SMT","","","","?%","0X","",""
"R93","SHORT_SMD_0603","Pufferfish:SHORT_SMD_0603","Pufferfish:SHORT_SMD_0603","Shorting resistor, small US symbol, 0603, SMD, SMT","","","","?%","0X","",""
"R94","SHORT_SMD_0603","Pufferfish:SHORT_SMD_0603","Pufferfish:SHORT_SMD_0603","Shorting resistor, small US symbol, 0603, SMD, SMT","","","","?%","0X","",""
"R95","SHORT_SMD_0603","Pufferfish:SHORT_SMD_0603","Pufferfish:SHORT_SMD_0603","Shorting resistor, small US symbol, 0603, SMD, SMT","","","","?%","0X","",""
"R96","SHORT_SMD_0603","Pufferfish:SHORT_SMD_0603","Pufferfish:SHORT_SMD_0603","Shorting resistor, small US symbol, 0603, SMD, SMT","","","","?%","0X","",""
"R97","SHORT_SMD_0603","Pufferfish:SHORT_SMD_0603","Pufferfish:SHORT_SMD_0603","Shorting resistor, small US symbol, 0603, SMD, SMT","","","","?%","0X","",""
"R98","SHORT_SMD_0603","Pufferfish:SHORT_SMD_0603","Pufferfish:SHORT_SMD_0603","Shorting resistor, small US symbol, 0603, SMD, SMT","","","","?%","0X","",""
"R99","SHORT_SMD_0603","Pufferfish:SHORT_SMD_0603","Pufferfish:SHORT_SMD_0603","Shorting resistor, small US symbol, 0603, SMD, SMT","","","","?%","0X","",""
"R100","SHORT_SMD_0603","Pufferfish:SHORT_SMD_0603","Pufferfish:SHORT_SMD_0603","Shorting resistor, small US symbol, 0603, SMD, SMT","","","","?%","0X","",""
"R101","SHORT_SMD_0603","Pufferfish:SHORT_SMD_0603","Pufferfish:SHORT_SMD_0603","Shorting resistor, small US symbol, 0603, SMD, SMT","","","","?%","0X","",""
"R102","SHORT_SMD_0603","Pufferfish:SHORT_SMD_0603","Pufferfish:SHORT_SMD_0603","Shorting resistor, small US symbol, 0603, SMD, SMT","","","","?%","0X","",""
"R103","SHORT_SMD_0603","Pufferfish:SHORT_SMD_0603","Pufferfish:SHORT_SMD_0603","Shorting resistor, small US symbol, 0603, SMD, SMT","","","","?%","0X","",""
"R104","SHORT_SMD_0603","Pufferfish:SHORT_SMD_0603","Pufferfish:SHORT_SMD_0603","Shorting resistor, small US symbol, 0603, SMD, SMT","","","","?%","0X","",""
"R105","SHORT_SMD_0603","Pufferfish:SHORT_SMD_0603","Pufferfish:SHORT_SMD_0603","Shorting resistor, small US symbol, 0603, SMD, SMT","","","","?%","0X","",""
"R106","SHORT_SMD_0603","Pufferfish:SHORT_SMD_0603","Pufferfish:SHORT_SMD_0603","Shorting resistor, small US symbol, 0603, SMD, SMT","","","","?%","0X","",""
"R107","SHORT_SMD_0603","Pufferfish:SHORT_SMD_0603","Pufferfish:SHORT_SMD_0603","Shorting resistor, small US symbol, 0603, SMD, SMT","","","","?%","0X","",""
"R108","SHORT_SMD_0603","Pufferfish:SHORT_SMD_0603","Pufferfish:SHORT_SMD_0603","Shorting resistor, small US symbol, 0603, SMD, SMT","","","","?%","0X","",""
"R109","SHORT_SMD_0603","Pufferfish:SHORT_SMD_0603","Pufferfish:SHORT_SMD_0603","Shorting resistor, small US symbol, 0603, SMD, SMT","","","","?%","0X","",""
"R110","SHORT_SMD_0603","Pufferfish:SHORT_SMD_0603","Pufferfish:SHORT_SMD_0603","Shorting resistor, small US symbol, 0603, SMD, SMT","","","","?%","0X","",""
"R111","SHORT_SMD_0603","Pufferfish:SHORT_SMD_0603","Pufferfish:SHORT_SMD_0603","Shorting resistor, small US symbol, 0603, SMD, SMT","","","","?%","0X","",""
"R112","SHORT_SMD_0603","Pufferfish:SHORT_SMD_0603","Pufferfish:SHORT_SMD_0603","Shorting resistor, small US symbol, 0603, SMD, SMT","","","","?%","0X","",""
"R113","SHORT_SMD_0603","Pufferfish:SHORT_SMD_0603","Pufferfish:SHORT_SMD_0603","Shorting resistor, small US symbol, 0603, SMD, SMT","","","","?%","0X","",""
"R114","SHORT_SMD_0603","Pufferfish:SHORT_SMD_0603","Pufferfish:SHORT_SMD_0603","Shorting resistor, small US symbol, 0603, SMD, SMT","","","","?%","0X","",""
"R115","SHORT_SMD_0603","Pufferfish:SHORT_SMD_0603","Pufferfish:SHORT_SMD_0603","Shorting resistor, small US symbol, 0603, SMD, SMT","","","","?%","0X","",""
"R116","SHORT_SMD_0603","Pufferfish:SHORT_SMD_0603","Pufferfish:SHORT_SMD_0603","Shorting resistor, small US symbol, 0603, SMD, SMT","","","","?%","0X","",""
"R117","SHORT_SMD_0603","Pufferfish:SHORT_SMD_0603","Pufferfish:SHORT_SMD_0603","Shorting resistor, small US symbol, 0603, SMD, SMT","","","","?%","0X","",""
"R118","SHORT_SMD_0603","Pufferfish:SHORT_SMD_0603","Pufferfish:SHORT_SMD_0603","Shorting resistor, small US symbol, 0603, SMD, SMT","","","","?%","0X","",""
"R119","SHORT_SMD_0603","Pufferfish:SHORT_SMD_0603","Pufferfish:SHORT_SMD_0603","Shorting resistor, small US symbol, 0603, SMD, SMT","","","","?%","0X","",""
"R120","SHORT_SMD_0603","Pufferfish:SHORT_SMD_0603","Pufferfish:SHORT_SMD_0603","Shorting resistor, small US symbol, 0603, SMD, SMT","","","","?%","0X","",""
"R121","SHORT_SMD_0603","Pufferfish:SHORT_SMD_0603","Pufferfish:SHORT_SMD_0603","Shorting resistor, small US symbol, 0603, SMD, SMT","","","","?%","0X","",""
"R122","SHORT_SMD_0603","Pufferfish:SHORT_SMD_0603","Pufferfish:SHORT_SMD_0603","Shorting resistor, small US symbol, 0603, SMD, SMT","","","","?%","0X","",""
"R123","SHORT_SMD_0603","Pufferfish:SHORT_SMD_0603","Pufferfish:SHORT_SMD_0603","Shorting resistor, small US symbol, 0603, SMD, SMT","","","","?%","0X","",""
"R124","SHORT_SMD_0603","Pufferfish:SHORT_SMD_0603","Pufferfish:SHORT_SMD_0603","Shorting resistor, small US symbol, 0603, SMD, SMT","","","","?%","0X","",""
"R125","SHORT_SMD_0603","Pufferfish:SHORT_SMD_0603","Pufferfish:SHORT_SMD_0603","Shorting resistor, small US symbol, 0603, SMD, SMT","","","","?%","0X","",""
"R126","SHORT_SMD_0603","Pufferfish:SHORT_SMD_0603","Pufferfish:SHORT_SMD_0603","Shorting resistor, small US symbol, 0603, SMD, SMT","","","","?%","0X","",""
"R127","SHORT_SMD_0603","Pufferfish:SHORT_SMD_0603","Pufferfish:SHORT_SMD_0603","Shorting resistor, small US symbol, 0603, SMD, SMT","","","","?%","0X","",""
"R128","SHORT_SMD_0603","Pufferfish:SHORT_SMD_0603","Pufferfish:SHORT_SMD_0603","Shorting resistor, small US symbol, 0603, SMD, SMT","","","","?%","0X","",""
"R129","SHORT_SMD_0603","Pufferfish:SHORT_SMD_0603","Pufferfish:SHORT_SMD_0603","Shorting resistor, small US symbol, 0603, SMD, SMT","","","","?%","0X","",""
"R130","SHORT_SMD_0603","Pufferfish:SHORT_SMD_0603","Pufferfish:SHORT_SMD_0603","Shorting resistor, small US symbol, 0603, SMD, SMT","","","","?%","0X","",""
"R131","SHORT_SMD_0603","Pufferfish:SHORT_SMD_0603","Pufferfish:SHORT_SMD_0603","Shorting resistor, small US symbol, 0603, SMD, SMT","","","","?%","0X","",""
"R132","SHORT_SMD_0603","Pufferfish:SHORT_SMD_0603","Pufferfish:SHORT_SMD_0603","Shorting resistor, small US symbol, 0603, SMD, SMT","","","","?%","0X","",""
"R133","SHORT_SMD_0603","Pufferfish:SHORT_SMD_0603","Pufferfish:SHORT_SMD_0603","Shorting resistor, small US symbol, 0603, SMD, SMT","","","","?%","0X","",""
"R134","SHORT_SMD_0603","Pufferfish:SHORT_SMD_0603","Pufferfish:SHORT_SMD_0603","Shorting resistor, small US symbol, 0603, SMD, SMT","","","","?%","0X","",""
"R135","SHORT_SMD_0603","Pufferfish:SHORT_SMD_0603","Pufferfish:SHORT_SMD_0603","Shorting resistor, small US symbol, 0603, SMD, SMT","","","","?%","0X","",""
"R136","SHORT_SMD_0603","Pufferfish:SHORT_SMD_0603","Pufferfish:SHORT_SMD_0603","Shorting resistor, small US symbol, 0603, SMD, SMT","","","","?%","0X","",""
"R137","SHORT_SMD_0603","Pufferfish:SHORT_SMD_0603","Pufferfish:SHORT_SMD_0603","Shorting resistor, small US symbol, 0603, SMD, SMT","","","","?%","0X","",""
"R138","SHORT_SMD_0603","Pufferfish:SHORT_SMD_0603","Pufferfish:SHORT_SMD_0603","Shorting resistor, small US symbol, 0603, SMD, SMT","","","","?%","0X","",""
"R139","SHORT_SMD_0603","Pufferfish:SHORT_SMD_0603","Pufferfish:SHORT_SMD_0603","Shorting resistor, small US symbol, 0603, SMD, SMT","","","","?%","0X","",""
"R140","SHORT_SMD_0603","Pufferfish:SHORT_SMD_0603","Pufferfish:SHORT_SMD_0603","Shorting resistor, small US symbol, 0603, SMD, SMT","","","","?%","0X","",""
"R141","SHORT_SMD_0603","Pufferfish:SHORT_SMD_0603","Pufferfish:SHORT_SMD_0603","Shorting resistor, small US symbol, 0603, SMD, SMT","","","","?%","0X","",""
"R142","SHORT_SMD_0603","Pufferfish:SHORT_SMD_0603","Pufferfish:SHORT_SMD_0603","Shorting resistor, small US symbol, 0603, SMD, SMT","","","","?%","0X","",""
"R143","SHORT_SMD_0603","Pufferfish:SHORT_SMD_0603","Pufferfish:SHORT_SMD_0603","Shorting resistor, small US symbol, 0603, SMD, SMT","","","","?%","0X","",""
"R144","SHORT_SMD_0603","Pufferfish:SHORT_SMD_0603","Pufferfish:SHORT_SMD_0603","Shorting resistor, small US symbol, 0603, SMD, SMT","","","","?%","0X","",""
"R145","SHORT_SMD_0603","Pufferfish:SHORT_SMD_0603","Pufferfish:SHORT_SMD_0603","Shorting resistor, small US symbol, 0603, SMD, SMT","","","","?%","0X","",""
"R146","SHORT_SMD_0603","Pufferfish:SHORT_SMD_0603","Pufferfish:SHORT_SMD_0603","Shorting resistor, small US symbol, 0603, SMD, SMT","","","","?%","0X","",""
"R147","SHORT_SMD_0603","Pufferfish:SHORT_SMD_0603","Pufferfish:SHORT_SMD_0603","Shorting resistor, small US symbol, 0603, SMD, SMT","","","","?%","0X","",""
"R148","SHORT_SMD_0603","Pufferfish:SHORT_SMD_0603","Pufferfish:SHORT_SMD_0603","Shorting resistor, small US symbol, 0603, SMD, SMT","","","","?%","0X","",""
"R149","SHORT_SMD_0603","Pufferfish:SHORT_SMD_0603","Pufferfish:SHORT_SMD_0603","Shorting resistor, small US symbol, 0603, SMD, SMT","","","","?%","0X","",""
"R150","SHORT_SMD_0603","Pufferfish:SHORT_SMD_0603","Pufferfish:SHORT_SMD_0603","Shorting resistor, small US symbol, 0603, SMD, SMT","","","","?%","0X","",""
"R151","SHORT_SMD_0603","Pufferfish:SHORT_SMD_0603","Pufferfish:SHORT_SMD_0603","Shorting resistor, small US symbol, 0603, SMD, SMT","","","","?%","0X","",""
"R152","SHORT_SMD_0603","Pufferfish:SHORT_SMD_0603","Pufferfish:SHORT_SMD_0603","Shorting resistor, small US symbol, 0603, SMD, SMT","","","","?%","0X","",""
"R153","SHORT_SMD_0603","Pufferfish:SHORT_SMD_0603","Pufferfish:SHORT_SMD_0603","Shorting resistor, small US symbol, 0603, SMD, SMT","","","","?%","0X","",""
"R154","SHORT_SMD_0603","Pufferfish:SHORT_SMD_0603","Pufferfish:SHORT_SMD_0603","Shorting resistor, small US symbol, 0603, SMD, SMT","","","","?%","0X","",""
"R155","RES_SMD_0603","Pufferfish:RES_SMD_0603","Pufferfish:RES_SMD_0603","Resistor, small US symbol, 0603, SMD, SMT","","","","?%","DNP","",""
"R156","SHORT_SMD_0603","Pufferfish:SHORT_SMD_0603","Pufferfish:SHORT_SMD_0603","Shorting resistor, small US symbol, 0603, SMD, SMT","","","","?%","0X","",""
"R157","RES_SMD_0603","Pufferfish:RES_SMD_0603","Pufferfish:RES_SMD_0603","Resistor, small US symbol, 0603, SMD, SMT","","","","?%","DNP","",""
"R158","SHORT_SMD_0603","Pufferfish:SHORT_SMD_0603","Pufferfish:SHORT_SMD_0603","Shorting resistor, small US symbol, 0603, SMD, SMT","","","","?%","0X","",""
"R159","RES_SMD_0603","Pufferfish:RES_SMD_0603","Pufferfish:RES_SMD_0603","Resistor, small US symbol, 0603, SMD, SMT","","","","?%","DNP","",""
"R160","SHORT_SMD_0603","Pufferfish:SHORT_SMD_0603","Pufferfish:SHORT_SMD_0603","Shorting resistor, small US symbol, 0603, SMD, SMT","","","","?%","0X","",""
"R161","RES_SMD_0603","Pufferfish:RES_SMD_0603","Pufferfish:RES_SMD_0603","Resistor, small US symbol, 0603, SMD, SMT","","","","?%","DNP","",""
"R162","SHORT_SMD_0603","Pufferfish:SHORT_SMD_0603","Pufferfish:SHORT_SMD_0603","Shorting resistor, small US symbol, 0603, SMD, SMT","","","","?%","0X","",""
"R163","SHORT_SMD_0603","Pufferfish:SHORT_SMD_0603","Pufferfish:SHORT_SMD_0603","Shorting resistor, small US symbol, 0603, SMD, SMT","","","","?%","0X","",""
"R164","SHORT_SMD_0603","Pufferfish:SHORT_SMD_0603","Pufferfish:SHORT_SMD_0603","Shorting resistor, small US symbol, 0603, SMD, SMT","","","","?%","0X","",""
"R165","SHORT_SMD_0603","Pufferfish:SHORT_SMD_0603","Pufferfish:SHORT_SMD_0603","Shorting resistor, small US symbol, 0603, SMD, SMT","","","","?%","0X","",""
"R166","SHORT_SMD_0603","Pufferfish:SHORT_SMD_0603","Pufferfish:SHORT_SMD_0603","Shorting resistor, small US symbol, 0603, SMD, SMT","","","","?%","0X","",""
"R167","SHORT_SMD_0603","Pufferfish:SHORT_SMD_0603","Pufferfish:SHORT_SMD_0603","Shorting resistor, small US symbol, 0603, SMD, SMT","","","","?%","0X","",""
"R168","SHORT_SMD_0603","Pufferfish:SHORT_SMD_0603","Pufferfish:SHORT_SMD_0603","Shorting resistor, small US symbol, 0603, SMD, SMT","","","","?%","0X","",""
"R169","RES_SMD_0603","Pufferfish:RES_SMD_0603","Pufferfish:RES_SMD_0603","Resistor, small US symbol, 0603, SMD, SMT","","","","?%","DNP","",""
"R170","SHORT_SMD_0603","Pufferfish:SHORT_SMD_0603","Pufferfish:SHORT_SMD_0603","Shorting resistor, small US symbol, 0603, SMD, SMT","","","","?%","0X","",""
"R171","RES_SMD_0603","Pufferfish:RES_SMD_0603","Pufferfish:RES_SMD_0603","Resistor, small US symbol, 0603, SMD, SMT","","","","?%","DNP","",""
"R172","SHORT_SMD_0603","Pufferfish:SHORT_SMD_0603","Pufferfish:SHORT_SMD_0603","Shorting resistor, small US symbol, 0603, SMD, SMT","","","","?%","0X","",""
"R173","SHORT_SMD_0603","Pufferfish:SHORT_SMD_0603","Pufferfish:SHORT_SMD_0603","Shorting resistor, small US symbol, 0603, SMD, SMT","","","","?%","0X","",""
"R174","SHORT_SMD_0603","Pufferfish:SHORT_SMD_0603","Pufferfish:SHORT_SMD_0603","Shorting resistor, small US symbol, 0603, SMD, SMT","","","","?%","0X","",""
"R175","RES_SMD_0603","Pufferfish:RES_SMD_0603","Pufferfish:RES_SMD_0603","Resistor, small US symbol, 0603, SMD, SMT","","","","?%","DNP","",""
"R176","SHORT_SMD_0603","Pufferfish:SHORT_SMD_0603","Pufferfish:SHORT_SMD_0603","Shorting resistor, small US symbol, 0603, SMD, SMT","","","","?%","0X","",""
"R177","RES_SMD_0603","Pufferfish:RES_SMD_0603","Pufferfish:RES_SMD_0603","Resistor, small US symbol, 0603, SMD, SMT","","","","?%","DNP","",""
"R178","SHORT_SMD_0603","Pufferfish:SHORT_SMD_0603","Pufferfish:SHORT_SMD_0603","Shorting resistor, small US symbol, 0603, SMD, SMT","","","","?%","0X","",""
"R179","SHORT_SMD_0603","Pufferfish:SHORT_SMD_0603","Pufferfish:SHORT_SMD_0603","Shorting resistor, small US symbol, 0603, SMD, SMT","","","","?%","0X","",""
"R180","SHORT_SMD_0603","Pufferfish:SHORT_SMD_0603","Pufferfish:SHORT_SMD_0603","Shorting resistor, small US symbol, 0603, SMD, SMT","","","","?%","0X","",""
"R181","SHORT_SMD_0603","Pufferfish:SHORT_SMD_0603","Pufferfish:SHORT_SMD_0603","Shorting resistor, small US symbol, 0603, SMD, SMT","","","","?%","0X","",""
"R182","SHORT_SMD_0603","Pufferfish:SHORT_SMD_0603","Pufferfish:SHORT_SMD_0603","Shorting resistor, small US symbol, 0603, SMD, SMT","","","","?%","0X","",""
"R183","SHORT_SMD_0603","Pufferfish:SHORT_SMD_0603","Pufferfish:SHORT_SMD_0603","Shorting resistor, small US symbol, 0603, SMD, SMT","","","","?%","0X","",""
"R184","SHORT_SMD_0603","Pufferfish:SHORT_SMD_0603","Pufferfish:SHORT_SMD_0603","Shorting resistor, small US symbol, 0603, SMD, SMT","","","","?%","0X","",""
"R185","SHORT_SMD_0603","Pufferfish:SHORT_SMD_0603","Pufferfish:SHORT_SMD_0603","Shorting resistor, small US symbol, 0603, SMD, SMT","","","","?%","0X","",""
"R186","SHORT_SMD_0603","Pufferfish:SHORT_SMD_0603","Pufferfish:SHORT_SMD_0603","Shorting resistor, small US symbol, 0603, SMD, SMT","","","","?%","0X","",""
"R187","SHORT_SMD_0603","Pufferfish:SHORT_SMD_0603","Pufferfish:SHORT_SMD_0603","Shorting resistor, small US symbol, 0603, SMD, SMT","","","","?%","0X","",""
"R188","SHORT_SMD_0603","Pufferfish:SHORT_SMD_0603","Pufferfish:SHORT_SMD_0603","Shorting resistor, small US symbol, 0603, SMD, SMT","","","","?%","0X","",""
"R189","SHORT_SMD_0603","Pufferfish:SHORT_SMD_0603","Pufferfish:SHORT_SMD_0603","Shorting resistor, small US symbol, 0603, SMD, SMT","","","","?%","0X","",""
"R190","SHORT_SMD_0603","Pufferfish:SHORT_SMD_0603","Pufferfish:SHORT_SMD_0603","Shorting resistor, small US symbol, 0603, SMD, SMT","","","","?%","0X","",""
"R191","SHORT_SMD_0603","Pufferfish:SHORT_SMD_0603","Pufferfish:SHORT_SMD_0603","Shorting resistor, small US symbol, 0603, SMD, SMT","","","","?%","0X","",""
"R192","SHORT_SMD_0603","Pufferfish:SHORT_SMD_0603","Pufferfish:SHORT_SMD_0603","Shorting resistor, small US symbol, 0603, SMD, SMT","","","","?%","0X","",""
"R193","SHORT_SMD_0603","Pufferfish:SHORT_SMD_0603","Pufferfish:SHORT_SMD_0603","Shorting resistor, small US symbol, 0603, SMD, SMT","","","","?%","0X","",""
"R194","SHORT_SMD_0603","Pufferfish:SHORT_SMD_0603","Pufferfish:SHORT_SMD_0603","Shorting resistor, small US symbol, 0603, SMD, SMT","","","","?%","0X","",""
"R195","SHORT_SMD_0603","Pufferfish:SHORT_SMD_0603","Pufferfish:SHORT_SMD_0603","Shorting resistor, small US symbol, 0603, SMD, SMT","","","","?%","0X","",""
"R196","SHORT_SMD_0603","Pufferfish:SHORT_SMD_0603","Pufferfish:SHORT_SMD_0603","Shorting resistor, small US symbol, 0603, SMD, SMT","","","","?%","0X","",""
"R197","SHORT_SMD_0603","Pufferfish:SHORT_SMD_0603","Pufferfish:SHORT_SMD_0603","Shorting resistor, small US symbol, 0603, SMD, SMT","","","","?%","0X","",""
"R198","SHORT_SMD_0603","Pufferfish:SHORT_SMD_0603","Pufferfish:SHORT_SMD_0603","Shorting resistor, small US symbol, 0603, SMD, SMT","","","","?%","0X","",""
"R199","SHORT_SMD_0603","Pufferfish:SHORT_SMD_0603","Pufferfish:SHORT_SMD_0603","Shorting resistor, small US symbol, 0603, SMD, SMT","","","","?%","0X","",""
"R200","SHORT_SMD_0603","Pufferfish:SHORT_SMD_0603","Pufferfish:SHORT_SMD_0603","Shorting resistor, small US symbol, 0603, SMD, SMT","","","","?%","0X","",""
"R201","SHORT_SMD_0603","Pufferfish:SHORT_SMD_0603","Pufferfish:SHORT_SMD_0603","Shorting resistor, small US symbol, 0603, SMD, SMT","","","","?%","0X","",""
"R202","SHORT_SMD_0603","Pufferfish:SHORT_SMD_0603","Pufferfish:SHORT_SMD_0603","Shorting resistor, small US symbol, 0603, SMD, SMT","","","","?%","0X","",""
"R203","SHORT_SMD_0603","Pufferfish:SHORT_SMD_0603","Pufferfish:SHORT_SMD_0603","Shorting resistor, small US symbol, 0603, SMD, SMT","","","","?%","0X","",""
"R204","SHORT_SMD_0603","Pufferfish:SHORT_SMD_0603","Pufferfish:SHORT_SMD_0603","Shorting resistor, small US symbol, 0603, SMD, SMT","","","","?%","0X","",""
"R205","SHORT_SMD_0603","Pufferfish:SHORT_SMD_0603","Pufferfish:SHORT_SMD_0603","Shorting resistor, small US symbol, 0603, SMD, SMT","","","","?%","0X","",""
"R206","SHORT_SMD_0603","Pufferfish:SHORT_SMD_0603","Pufferfish:SHORT_SMD_0603","Shorting resistor, small US symbol, 0603, SMD, SMT","","","","?%","0X","",""
"R207","SHORT_SMD_0603","Pufferfish:SHORT_SMD_0603","Pufferfish:SHORT_SMD_0603","Shorting resistor, small US symbol, 0603, SMD, SMT","","","","?%","0X","",""
"R208","SHORT_SMD_0603","Pufferfish:SHORT_SMD_0603","Pufferfish:SHORT_SMD_0603","Shorting resistor, small US symbol, 0603, SMD, SMT","","","","?%","0X","",""
"R209","SHORT_SMD_0603","Pufferfish:SHORT_SMD_0603","Pufferfish:SHORT_SMD_0603","Shorting resistor, small US symbol, 0603, SMD, SMT","","","","?%","0X","",""
"R210","SHORT_SMD_0603","Pufferfish:SHORT_SMD_0603","Pufferfish:SHORT_SMD_0603","Shorting resistor, small US symbol, 0603, SMD, SMT","","","","?%","0X","",""
"R211","SHORT_SMD_0603","Pufferfish:SHORT_SMD_0603","Pufferfish:SHORT_SMD_0603","Shorting resistor, small US symbol, 0603, SMD, SMT","","","","?%","0X","",""
"R212","SHORT_SMD_0603","Pufferfish:SHORT_SMD_0603","Pufferfish:SHORT_SMD_0603","Shorting resistor, small US symbol, 0603, SMD, SMT","","","","?%","0X","",""
"R213","SHORT_SMD_0603","Pufferfish:SHORT_SMD_0603","Pufferfish:SHORT_SMD_0603","Shorting resistor, small US symbol, 0603, SMD, SMT","","","","?%","0X","",""
"R214","SHORT_SMD_0603","Pufferfish:SHORT_SMD_0603","Pufferfish:SHORT_SMD_0603","Shorting resistor, small US symbol, 0603, SMD, SMT","","","","?%","0X","",""
"R215","SHORT_SMD_0603","Pufferfish:SHORT_SMD_0603","Pufferfish:SHORT_SMD_0603","Shorting resistor, small US symbol, 0603, SMD, SMT","","","","?%","0X","",""
"R216","SHORT_SMD_0603","Pufferfish:SHORT_SMD_0603","Pufferfish:SHORT_SMD_0603","Shorting resistor, small US symbol, 0603, SMD, SMT","","","","?%","0X","",""
"R217","SHORT_SMD_0603","Pufferfish:SHORT_SMD_0603","Pufferfish:SHORT_SMD_0603","Shorting resistor, small US symbol, 0603, SMD, SMT","","","","?%","0X","",""
"R218","SHORT_SMD_0603","Pufferfish:SHORT_SMD_0603","Pufferfish:SHORT_SMD_0603","Shorting resistor, small US symbol, 0603, SMD, SMT","","","","?%","0X","",""
"R219","SHORT_SMD_0603","Pufferfish:SHORT_SMD_0603","Pufferfish:SHORT_SMD_0603","Shorting resistor, small US symbol, 0603, SMD, SMT","","","","?%","0X","",""
"R220","SHORT_SMD_0603","Pufferfish:SHORT_SMD_0603","Pufferfish:SHORT_SMD_0603","Shorting resistor, small US symbol, 0603, SMD, SMT","","","","?%","0X","",""
"R221","SHORT_SMD_0603","Pufferfish:SHORT_SMD_0603","Pufferfish:SHORT_SMD_0603","Shorting resistor, small US symbol, 0603, SMD, SMT","","","","?%","0X","",""
"R222","SHORT_SMD_0603","Pufferfish:SHORT_SMD_0603","Pufferfish:SHORT_SMD_0603","Shorting resistor, small US symbol, 0603, SMD, SMT","","","","?%","0X","",""
"R223","SHORT_SMD_0603","Pufferfish:SHORT_SMD_0603","Pufferfish:SHORT_SMD_0603","Shorting resistor, small US symbol, 0603, SMD, SMT","","","","?%","0X","",""
"R224","SHORT_SMD_0603","Pufferfish:SHORT_SMD_0603","Pufferfish:SHORT_SMD_0603","Shorting resistor, small US symbol, 0603, SMD, SMT","","","","?%","0X","",""
"R225","SHORT_SMD_0603","Pufferfish:SHORT_SMD_0603","Pufferfish:SHORT_SMD_0603","Shorting resistor, small US symbol, 0603, SMD, SMT","","","","?%","0X","",""
"R226","SHORT_SMD_0603","Pufferfish:SHORT_SMD_0603","Pufferfish:SHORT_SMD_0603","Shorting resistor, small US symbol, 0603, SMD, SMT","","","","?%","0X","",""
"R227","SHORT_SMD_0603","Pufferfish:SHORT_SMD_0603","Pufferfish:SHORT_SMD_0603","Shorting resistor, small US symbol, 0603, SMD, SMT","","","","?%","0X","",""
"R228","SHORT_SMD_0603","Pufferfish:SHORT_SMD_0603","Pufferfish:SHORT_SMD_0603","Shorting resistor, small US symbol, 0603, SMD, SMT","","","","?%","0X","",""
"R229","SHORT_SMD_0603","Pufferfish:SHORT_SMD_0603","Pufferfish:SHORT_SMD_0603","Shorting resistor, small US symbol, 0603, SMD, SMT","","","","?%","0X","",""
"R230","SHORT_SMD_0603","Pufferfish:SHORT_SMD_0603","Pufferfish:SHORT_SMD_0603","Shorting resistor, small US symbol, 0603, SMD, SMT","","","","?%","0X","",""
"R231","SHORT_SMD_0603","Pufferfish:SHORT_SMD_0603","Pufferfish:SHORT_SMD_0603","Shorting resistor, small US symbol, 0603, SMD, SMT","","","","?%","0X","",""
"R232","SHORT_SMD_0603","Pufferfish:SHORT_SMD_0603","Pufferfish:SHORT_SMD_0603","Shorting resistor, small US symbol, 0603, SMD, SMT","","","","?%","0X","",""
"R233","RES_SMD_0603","Pufferfish:RES_SMD_0603","Pufferfish:RES_SMD_0603","Resistor, small US symbol, 0603, SMD, SMT","","","","?%","DNP","",""
"R234","RES_SMD_0603","Pufferfish:RES_SMD_0603","Pufferfish:RES_SMD_0603","Resistor, small US symbol, 0603, SMD, SMT","","","","?%","1kX","",""
"R235","RES_SMD_0603","Pufferfish:RES_SMD_0603","Pufferfish:RES_SMD_0603","Resistor, small US symbol, 0603, SMD, SMT","","","","?%","1kX","",""
"R236","RES_SMD_0603","Pufferfish:RES_SMD_0603","Pufferfish:RES_SMD_0603","Resistor, small US symbol, 0603, SMD, SMT","","","","?%","10kX","",""
"R237","RES_SMD_0603","Pufferfish:RES_SMD_0603","Pufferfish:RES_SMD_0603","Resistor, small US symbol, 0603, SMD, SMT","","","","?%","10kX","",""
"R238","RES_SMD_0603","Pufferfish:RES_SMD_0603","Pufferfish:RES_SMD_0603","Resistor, small US symbol, 0603, SMD, SMT","","","","?%","1kX","",""
"R239","RES_SMD_0603","Pufferfish:RES_SMD_0603","Pufferfish:RES_SMD_0603","Resistor, small US symbol, 0603, SMD, SMT","","","","?%","1kX","",""
"R240","RES_SMD_0603","Pufferfish:RES_SMD_0603","Pufferfish:RES_SMD_0603","Resistor, small US symbol, 0603, SMD, SMT","","","","?%","1kX","",""
"R241","RES_SMD_0603","Pufferfish:RES_SMD_0603","Pufferfish:RES_SMD_0603","Resistor, small US symbol, 0603, SMD, SMT","","","","?%","1kX","",""
"R242","SHORT_SMD_0603","Pufferfish:SHORT_SMD_0603","Pufferfish:SHORT_SMD_0603","Shorting resistor, small US symbol, 0603, SMD, SMT","","","","?%","0X","",""
"R243","SHORT_SMD_0603","Pufferfish:SHORT_SMD_0603","Pufferfish:SHORT_SMD_0603","Shorting resistor, small US symbol, 0603, SMD, SMT","","","","?%","0X","",""
"R244","RES_SMD_0603","Pufferfish:RES_SMD_0603","Pufferfish:RES_SMD_0603","Resistor, small US symbol, 0603, SMD, SMT","","","","?%","1kX","",""
"R245","RES_SMD_0603","Pufferfish:RES_SMD_0603","Pufferfish:RES_SMD_0603","Resistor, small US symbol, 0603, SMD, SMT","","","","?%","1kX","",""
"R246","RES_SMD_0603","Pufferfish:RES_SMD_0603","Pufferfish:RES_SMD_0603","Resistor, small US symbol, 0603, SMD, SMT","","","","?%","1kX","",""
"R247","RES_SMD_0603","Pufferfish:RES_SMD_0603","Pufferfish:RES_SMD_0603","Resistor, small US symbol, 0603, SMD, SMT","","","","?%","1kX","",""
"R248","SHORT_SMD_0603","Pufferfish:SHORT_SMD_0603","Pufferfish:SHORT_SMD_0603","Shorting resistor, small US symbol, 0603, SMD, SMT","","","","?%","0X","",""
"R249","RES_SMD_0603","Pufferfish:RES_SMD_0603","Pufferfish:RES_SMD_0603","Resistor, small US symbol, 0603, SMD, SMT","","","","?%","1kX","",""
"R250","RES_SMD_0603","Pufferfish:RES_SMD_0603","Pufferfish:RES_SMD_0603","Resistor, small US symbol, 0603, SMD, SMT","","","","?%","1kX","",""
"R251","RES_SMD_0603","Pufferfish:RES_SMD_0603","Pufferfish:RES_SMD_0603","Resistor, small US symbol, 0603, SMD, SMT","","","","?%","1kX","",""
"R252","RES_SMD_0603","Pufferfish:RES_SMD_0603","Pufferfish:RES_SMD_0603","Resistor, small US symbol, 0603, SMD, SMT","","","","?%","1kX","",""
"R253","RES_SMD_0603","Pufferfish:RES_SMD_0603","Pufferfish:RES_SMD_0603","Resistor, small US symbol, 0603, SMD, SMT","","","","?%","1kX","",""
"R254","RES_SMD_0603","Pufferfish:RES_SMD_0603","Pufferfish:RES_SMD_0603","Resistor, small US symbol, 0603, SMD, SMT","","","","?%","1kX","",""
"R255","RES_SMD_0603","Pufferfish:RES_SMD_0603","Pufferfish:RES_SMD_0603","Resistor, small US symbol, 0603, SMD, SMT","","","","?%","1kX","",""
"R256","RES_SMD_0603","Pufferfish:RES_SMD_0603","Pufferfish:RES_SMD_0603","Resistor, small US symbol, 0603, SMD, SMT","","","","?%","1kX","",""
"R257","RES_SMD_0603","Pufferfish:RES_SMD_0603","Pufferfish:RES_SMD_0603","Resistor, small US symbol, 0603, SMD, SMT","","","","?%","DNP","",""
"R258","RES_SMD_0603","Pufferfish:RES_SMD_0603","Pufferfish:RES_SMD_0603","Resistor, small US symbol, 0603, SMD, SMT","","","","?%","1kX","",""
"R259","RES_SMD_0603","Pufferfish:RES_SMD_0603","Pufferfish:RES_SMD_0603","Resistor, small US symbol, 0603, SMD, SMT","","","","?%","1kX","",""
"R260","RES_SMD_0603","Pufferfish:RES_SMD_0603","Pufferfish:RES_SMD_0603","Resistor, small US symbol, 0603, SMD, SMT","","","","?%","1kX","",""
"R261","RES_SMD_0603","Pufferfish:RES_SMD_0603","Pufferfish:RES_SMD_0603","Resistor, small US symbol, 0603, SMD, SMT","","","","?%","1kX","",""
"R262","RES_SMD_0603","Pufferfish:RES_SMD_0603","Pufferfish:RES_SMD_0603","Resistor, small US symbol, 0603, SMD, SMT","","","","?%","1kX","",""
"R263","RES_SMD_0603","Pufferfish:RES_SMD_0603","Pufferfish:RES_SMD_0603","Resistor, small US symbol, 0603, SMD, SMT","","","","?%","1kX","",""
"R264","SHORT_SMD_0603","Pufferfish:SHORT_SMD_0603","Pufferfish:SHORT_SMD_0603","Shorting resistor, small US symbol, 0603, SMD, SMT","","","","?%","0X","",""
"R265","RES_SMD_0603","Pufferfish:RES_SMD_0603","Pufferfish:RES_SMD_0603","Resistor, small US symbol, 0603, SMD, SMT","","","","?%","1kX","",""
"R266","RES_SMD_0603","Pufferfish:RES_SMD_0603","Pufferfish:RES_SMD_0603","Resistor, small US symbol, 0603, SMD, SMT","","","","?%","1kX","",""
"R267","RES_SMD_0603","Pufferfish:RES_SMD_0603","Pufferfish:RES_SMD_0603","Resistor, small US symbol, 0603, SMD, SMT","","","","?%","1kX","",""
"R268","RES_SMD_0603","Pufferfish:RES_SMD_0603","Pufferfish:RES_SMD_0603","Resistor, small US symbol, 0603, SMD, SMT","","","","?%","1kX","",""
"R269","RES_SMD_0603","Pufferfish:RES_SMD_0603","Pufferfish:RES_SMD_0603","Resistor, small US symbol, 0603, SMD, SMT","","","","?%","1kX","",""
"R270","RES_SMD_0603","Pufferfish:RES_SMD_0603","Pufferfish:RES_SMD_0603","Resistor, small US symbol, 0603, SMD, SMT","","","","?%","1kX","",""
"R271","RES_SMD_0603","Pufferfish:RES_SMD_0603","Pufferfish:RES_SMD_0603","Resistor, small US symbol, 0603, SMD, SMT","","","","?%","1kX","",""
"R272","RES_SMD_0603","Pufferfish:RES_SMD_0603","Pufferfish:RES_SMD_0603","Resistor, small US symbol, 0603, SMD, SMT","","","","?%","1kX","",""
"R273","SHORT_SMD_0603","Pufferfish:SHORT_SMD_0603","Pufferfish:SHORT_SMD_0603","Shorting resistor, small US symbol, 0603, SMD, SMT","","","","?%","0X","",""
"R274","RES_SMD_0603","Pufferfish:RES_SMD_0603","Pufferfish:RES_SMD_0603","Resistor, small US symbol, 0603, SMD, SMT","","","","?%","20kX","",""
"R275","RES_SMD_0603","Pufferfish:RES_SMD_0603","Pufferfish:RES_SMD_0603","Resistor, small US symbol, 0603, SMD, SMT","","","","?%","0X","",""
"R276","RES_SMD_0603","Pufferfish:RES_SMD_0603","Pufferfish:RES_SMD_0603","Resistor, small US symbol, 0603, SMD, SMT","","","","?%","DNP","",""
"R277","RES_SMD_0603","Pufferfish:RES_SMD_0603","Pufferfish:RES_SMD_0603","Resistor, small US symbol, 0603, SMD, SMT","","","","?%","1kX","",""
"R278","RES_SMD_0603","Pufferfish:RES_SMD_0603","Pufferfish:RES_SMD_0603","Resistor, small US symbol, 0603, SMD, SMT","","","","?%","1kX","",""
"R279","RES_SMD_0603","Pufferfish:RES_SMD_0603","Pufferfish:RES_SMD_0603","Resistor, small US symbol, 0603, SMD, SMT","","","","?%","1kX","",""
"R280","RES_SMD_0603","Pufferfish:RES_SMD_0603","Pufferfish:RES_SMD_0603","Resistor, small US symbol, 0603, SMD, SMT","","","","?%","1kX","",""
"R281","RES_SMD_0603","Pufferfish:RES_SMD_0603","Pufferfish:RES_SMD_0603","Resistor, small US symbol, 0603, SMD, SMT","","","","?%","20kX","",""
"R282","RES_SMD_0603","Pufferfish:RES_SMD_0603","Pufferfish:RES_SMD_0603","Resistor, small US symbol, 0603, SMD, SMT","","","","?%","1kX","",""
"R283","RES_SMD_0603","Pufferfish:RES_SMD_0603","Pufferfish:RES_SMD_0603","Resistor, small US symbol, 0603, SMD, SMT","","","","?%","1kX","",""
"R284","RES_SMD_0603","Pufferfish:RES_SMD_0603","Pufferfish:RES_SMD_0603","Resistor, small US symbol, 0603, SMD, SMT","","","","?%","1kX","",""
"R285","RES_SMD_0603","Pufferfish:RES_SMD_0603","Pufferfish:RES_SMD_0603","Resistor, small US symbol, 0603, SMD, SMT","","","","?%","1kX","",""
"R286","SHORT_SMD_0603","Pufferfish:SHORT_SMD_0603","Pufferfish:SHORT_SMD_0603","Shorting resistor, small US symbol, 0603, SMD, SMT","","","","?%","0X","",""
"R287","SHORT_SMD_0603","Pufferfish:SHORT_SMD_0603","Pufferfish:SHORT_SMD_0603","Shorting resistor, small US symbol, 0603, SMD, SMT","","","","?%","0X","",""
"R288","SHORT_SMD_0603","Pufferfish:SHORT_SMD_0603","Pufferfish:SHORT_SMD_0603","Shorting resistor, small US symbol, 0603, SMD, SMT","","","","?%","0X","",""
"R289","SHORT_SMD_0603","Pufferfish:SHORT_SMD_0603","Pufferfish:SHORT_SMD_0603","Shorting resistor, small US symbol, 0603, SMD, SMT","","","","?%","0X","",""
"R290","SHORT_SMD_0603","Pufferfish:SHORT_SMD_0603","Pufferfish:SHORT_SMD_0603","Shorting resistor, small US symbol, 0603, SMD, SMT","","","","?%","0X","",""
"R291","SHORT_SMD_0603","Pufferfish:SHORT_SMD_0603","Pufferfish:SHORT_SMD_0603","Shorting resistor, small US symbol, 0603, SMD, SMT","","","","?%","0X","",""
"R292","SHORT_SMD_0603","Pufferfish:SHORT_SMD_0603","Pufferfish:SHORT_SMD_0603","Shorting resistor, small US symbol, 0603, SMD, SMT","","","","?%","0X","",""
"R293","SHORT_SMD_0603","Pufferfish:SHORT_SMD_0603","Pufferfish:SHORT_SMD_0603","Shorting resistor, small US symbol, 0603, SMD, SMT","","","","?%","0X","",""
"R294","SHORT_SMD_0603","Pufferfish:SHORT_SMD_0603","Pufferfish:SHORT_SMD_0603","Shorting resistor, small US symbol, 0603, SMD, SMT","","","","?%","0X","",""
"R295","SHORT_SMD_0603","Pufferfish:SHORT_SMD_0603","Pufferfish:SHORT_SMD_0603","Shorting resistor, small US symbol, 0603, SMD, SMT","","","","?%","0X","",""
"R296","SHORT_SMD_0603","Pufferfish:SHORT_SMD_0603","Pufferfish:SHORT_SMD_0603","Shorting resistor, small US symbol, 0603, SMD, SMT","","","","?%","0X","",""
"R297","SHORT_SMD_0603","Pufferfish:SHORT_SMD_0603","Pufferfish:SHORT_SMD_0603","Shorting resistor, small US symbol, 0603, SMD, SMT","","","","?%","0X","",""
"R298","SHORT_SMD_0603","Pufferfish:SHORT_SMD_0603","Pufferfish:SHORT_SMD_0603","Shorting resistor, small US symbol, 0603, SMD, SMT","","","","?%","0X","",""
"R299","SHORT_SMD_0603","Pufferfish:SHORT_SMD_0603","Pufferfish:SHORT_SMD_0603","Shorting resistor, small US symbol, 0603, SMD, SMT","","","","?%","0X","",""
"R300","SHORT_SMD_0805","Pufferfish:SHORT_SMD_0805","Pufferfish:SHORT_SMD_0805","Shorting resistor, small US symbol, 0603, SMD, SMT","","","","?%","0X","",""
"R301","SHORT_SMD_0805","Pufferfish:SHORT_SMD_0805","Pufferfish:SHORT_SMD_0805","Shorting resistor, small US symbol, 0603, SMD, SMT","","","","?%","0X","",""
"R302","SHORT_SMD_0603","Pufferfish:SHORT_SMD_0603","Pufferfish:SHORT_SMD_0603","Shorting resistor, small US symbol, 0603, SMD, SMT","","","","?%","0X","",""
"R303","SHORT_SMD_0603","Pufferfish:SHORT_SMD_0603","Pufferfish:SHORT_SMD_0603","Shorting resistor, small US symbol, 0603, SMD, SMT","","","","?%","0X","",""
"R304","SHORT_SMD_0603","Pufferfish:SHORT_SMD_0603","Pufferfish:SHORT_SMD_0603","Shorting resistor, small US symbol, 0603, SMD, SMT","","","","?%","0X","",""
"R305","SHORT_SMD_0603","Pufferfish:SHORT_SMD_0603","Pufferfish:SHORT_SMD_0603","Shorting resistor, small US symbol, 0603, SMD, SMT","","","","?%","0X","",""
"R306","SHORT_SMD_0603","Pufferfish:SHORT_SMD_0603","Pufferfish:SHORT_SMD_0603","Shorting resistor, small US symbol, 0603, SMD, SMT","","","","?%","0X","",""
"R307","SHORT_SMD_0603","Pufferfish:SHORT_SMD_0603","Pufferfish:SHORT_SMD_0603","Shorting resistor, small US symbol, 0603, SMD, SMT","","","","?%","0X","",""
"R308","SHORT_SMD_0603","Pufferfish:SHORT_SMD_0603","Pufferfish:SHORT_SMD_0603","Shorting resistor, small US symbol, 0603, SMD, SMT","","","","?%","0X","",""
"R309","SHORT_SMD_0603","Pufferfish:SHORT_SMD_0603","Pufferfish:SHORT_SMD_0603","Shorting resistor, small US symbol, 0603, SMD, SMT","","","","?%","0X","",""
"R310","SHORT_SMD_0603","Pufferfish:SHORT_SMD_0603","Pufferfish:SHORT_SMD_0603","Shorting resistor, small US symbol, 0603, SMD, SMT","","","","?%","0X","",""
"R311","SHORT_SMD_0603","Pufferfish:SHORT_SMD_0603","Pufferfish:SHORT_SMD_0603","Shorting resistor, small US symbol, 0603, SMD, SMT","","","","?%","0X","",""
"R312","SHORT_SMD_0603","Pufferfish:SHORT_SMD_0603","Pufferfish:SHORT_SMD_0603","Shorting resistor, small US symbol, 0603, SMD, SMT","","","","?%","0X","",""
"R313","SHORT_SMD_0603","Pufferfish:SHORT_SMD_0603","Pufferfish:SHORT_SMD_0603","Shorting resistor, small US symbol, 0603, SMD, SMT","","","","?%","0X","",""
"R314","SHORT_SMD_0603","Pufferfish:SHORT_SMD_0603","Pufferfish:SHORT_SMD_0603","Shorting resistor, small US symbol, 0603, SMD, SMT","","","","?%","0X","",""
"R315","SHORT_SMD_0603","Pufferfish:SHORT_SMD_0603","Pufferfish:SHORT_SMD_0603","Shorting resistor, small US symbol, 0603, SMD, SMT","","","","?%","0X","",""
"R316","SHORT_SMD_0805","Pufferfish:SHORT_SMD_0805","Pufferfish:SHORT_SMD_0805","Shorting resistor, small US symbol, 0603, SMD, SMT","","","","?%","0X","",""
"R317","SHORT_SMD_0805","Pufferfish:SHORT_SMD_0805","Pufferfish:SHORT_SMD_0805","Shorting resistor, small US symbol, 0603, SMD, SMT","","","","?%","0X","",""
"R318","SHORT_SMD_0805","Pufferfish:SHORT_SMD_0805","Pufferfish:SHORT_SMD_0805","Shorting resistor, small US symbol, 0603, SMD, SMT","","","","?%","0X","",""
"R319","SHORT_SMD_0805","Pufferfish:SHORT_SMD_0805","Pufferfish:SHORT_SMD_0805","Shorting resistor, small US symbol, 0603, SMD, SMT","","","","?%","0X","",""
"R320","SHORT_SMD_0805","Pufferfish:SHORT_SMD_0805","Pufferfish:SHORT_SMD_0805","Shorting resistor, small US symbol, 0603, SMD, SMT","","","","?%","0X","",""
"R321","SHORT_SMD_0805","Pufferfish:SHORT_SMD_0805","Pufferfish:SHORT_SMD_0805","Shorting resistor, small US symbol, 0603, SMD, SMT","","","","?%","0X","",""
"R322","SHORT_SMD_0805","Pufferfish:SHORT_SMD_0805","Pufferfish:SHORT_SMD_0805","Shorting resistor, small US symbol, 0603, SMD, SMT","","","","?%","0X","",""
"R323","SHORT_SMD_0805","Pufferfish:SHORT_SMD_0805","Pufferfish:SHORT_SMD_0805","Shorting resistor, small US symbol, 0603, SMD, SMT","","","","?%","0X","",""
"R324","SHORT_SMD_0603","Pufferfish:SHORT_SMD_0603","Pufferfish:SHORT_SMD_0603","Shorting resistor, small US symbol, 0603, SMD, SMT","","","","?%","0X","",""
"R325","SHORT_SMD_0603","Pufferfish:SHORT_SMD_0603","Pufferfish:SHORT_SMD_0603","Shorting resistor, small US symbol, 0603, SMD, SMT","","","","?%","0X","",""
"R326","SHORT_SMD_0603","Pufferfish:SHORT_SMD_0603","Pufferfish:SHORT_SMD_0603","Shorting resistor, small US symbol, 0603, SMD, SMT","","","","?%","0X","",""
"R327","SHORT_SMD_0603","Pufferfish:SHORT_SMD_0603","Pufferfish:SHORT_SMD_0603","Shorting resistor, small US symbol, 0603, SMD, SMT","","","","?%","0X","",""
"R328","SHORT_SMD_0603","Pufferfish:SHORT_SMD_0603","Pufferfish:SHORT_SMD_0603","Shorting resistor, small US symbol, 0603, SMD, SMT","","","","?%","0X","",""
"R329","SHORT_SMD_0603","Pufferfish:SHORT_SMD_0603","Pufferfish:SHORT_SMD_0603","Shorting resistor, small US symbol, 0603, SMD, SMT","","","","?%","0X","",""
"R330","SHORT_SMD_0603","Pufferfish:SHORT_SMD_0603","Pufferfish:SHORT_SMD_0603","Shorting resistor, small US symbol, 0603, SMD, SMT","","","","?%","0X","",""
"R331","SHORT_SMD_0603","Pufferfish:SHORT_SMD_0603","Pufferfish:SHORT_SMD_0603","Shorting resistor, small US symbol, 0603, SMD, SMT","","","","?%","0X","",""
"R332","SHORT_SMD_0603","Pufferfish:SHORT_SMD_0603","Pufferfish:SHORT_SMD_0603","Shorting resistor, small US symbol, 0603, SMD, SMT","","","","?%","0X","",""
"R333","SHORT_SMD_0603","Pufferfish:SHORT_SMD_0603","Pufferfish:SHORT_SMD_0603","Shorting resistor, small US symbol, 0603, SMD, SMT","","","","?%","0X","",""
"R334","SHORT_SMD_0603","Pufferfish:SHORT_SMD_0603","Pufferfish:SHORT_SMD_0603","Shorting resistor, small US symbol, 0603, SMD, SMT","","","","?%","0X","",""
"R335","SHORT_SMD_0603","Pufferfish:SHORT_SMD_0603","Pufferfish:SHORT_SMD_0603","Shorting resistor, small US symbol, 0603, SMD, SMT","","","","?%","0X","",""
"R336","SHORT_SMD_0603","Pufferfish:SHORT_SMD_0603","Pufferfish:SHORT_SMD_0603","Shorting resistor, small US symbol, 0603, SMD, SMT","","","","?%","0X","",""
"R337","SHORT_SMD_0603","Pufferfish:SHORT_SMD_0603","Pufferfish:SHORT_SMD_0603","Shorting resistor, small US symbol, 0603, SMD, SMT","","","","?%","0X","",""
"R338","SHORT_SMD_0603","Pufferfish:SHORT_SMD_0603","Pufferfish:SHORT_SMD_0603","Shorting resistor, small US symbol, 0603, SMD, SMT","","","","?%","0X","",""
"R339","SHORT_SMD_0603","Pufferfish:SHORT_SMD_0603","Pufferfish:SHORT_SMD_0603","Shorting resistor, small US symbol, 0603, SMD, SMT","","","","?%","0X","",""
"R340","SHORT_SMD_0603","Pufferfish:SHORT_SMD_0603","Pufferfish:SHORT_SMD_0603","Shorting resistor, small US symbol, 0603, SMD, SMT","","","","?%","0X","",""
"R341","SHORT_SMD_0603","Pufferfish:SHORT_SMD_0603","Pufferfish:SHORT_SMD_0603","Shorting resistor, small US symbol, 0603, SMD, SMT","","","","?%","0X","",""
"R342","SHORT_SMD_0603","Pufferfish:SHORT_SMD_0603","Pufferfish:SHORT_SMD_0603","Shorting resistor, small US symbol, 0603, SMD, SMT","","","","?%","0X","",""
"R343","SHORT_SMD_0603","Pufferfish:SHORT_SMD_0603","Pufferfish:SHORT_SMD_0603","Shorting resistor, small US symbol, 0603, SMD, SMT","","","","?%","0X","",""
"R344","SHORT_SMD_0603","Pufferfish:SHORT_SMD_0603","Pufferfish:SHORT_SMD_0603","Shorting resistor, small US symbol, 0603, SMD, SMT","","","","?%","0X","",""
"R345","SHORT_SMD_0603","Pufferfish:SHORT_SMD_0603","Pufferfish:SHORT_SMD_0603","Shorting resistor, small US symbol, 0603, SMD, SMT","","","","?%","0X","",""
"R346","SHORT_SMD_0603","Pufferfish:SHORT_SMD_0603","Pufferfish:SHORT_SMD_0603","Shorting resistor, small US symbol, 0603, SMD, SMT","","","","?%","0X","",""
"R347","SHORT_SMD_0603","Pufferfish:SHORT_SMD_0603","Pufferfish:SHORT_SMD_0603","Shorting resistor, small US symbol, 0603, SMD, SMT","","","","?%","0X","",""
"R348","SHORT_SMD_0603","Pufferfish:SHORT_SMD_0603","Pufferfish:SHORT_SMD_0603","Shorting resistor, small US symbol, 0603, SMD, SMT","","","","?%","0X","",""
"R349","SHORT_SMD_0603","Pufferfish:SHORT_SMD_0603","Pufferfish:SHORT_SMD_0603","Shorting resistor, small US symbol, 0603, SMD, SMT","","","","?%","0X","",""
"R350","SHORT_SMD_0603","Pufferfish:SHORT_SMD_0603","Pufferfish:SHORT_SMD_0603","Shorting resistor, small US symbol, 0603, SMD, SMT","","","","?%","0X","",""
"R351","SHORT_SMD_0603","Pufferfish:SHORT_SMD_0603","Pufferfish:SHORT_SMD_0603","Shorting resistor, small US symbol, 0603, SMD, SMT","","","","?%","0X","",""
"R352","SHORT_SMD_0603","Pufferfish:SHORT_SMD_0603","Pufferfish:SHORT_SMD_0603","Shorting resistor, small US symbol, 0603, SMD, SMT","","","","?%","0X","",""
"R353","SHORT_SMD_0603","Pufferfish:SHORT_SMD_0603","Pufferfish:SHORT_SMD_0603","Shorting resistor, small US symbol, 0603, SMD, SMT","","","","?%","0X","",""
"R354","SHORT_SMD_0603","Pufferfish:SHORT_SMD_0603","Pufferfish:SHORT_SMD_0603","Shorting resistor, small US symbol, 0603, SMD, SMT","","","","?%","0X","",""
"R355","SHORT_SMD_0603","Pufferfish:SHORT_SMD_0603","Pufferfish:SHORT_SMD_0603","Shorting resistor, small US symbol, 0603, SMD, SMT","","","","?%","0X","",""
"R356","SHORT_SMD_0603","Pufferfish:SHORT_SMD_0603","Pufferfish:SHORT_SMD_0603","Shorting resistor, small US symbol, 0603, SMD, SMT","","","","?%","0X","",""
"R357","SHORT_SMD_0603","Pufferfish:SHORT_SMD_0603","Pufferfish:SHORT_SMD_0603","Shorting resistor, small US symbol, 0603, SMD, SMT","","","","?%","0X","",""
"R358","SHORT_SMD_0603","Pufferfish:SHORT_SMD_0603","Pufferfish:SHORT_SMD_0603","Shorting resistor, small US symbol, 0603, SMD, SMT","","","","?%","0X","",""
"R359","SHORT_SMD_0603","Pufferfish:SHORT_SMD_0603","Pufferfish:SHORT_SMD_0603","Shorting resistor, small US symbol, 0603, SMD, SMT","","","","?%","0X","",""
"R360","SHORT_SMD_0603","Pufferfish:SHORT_SMD_0603","Pufferfish:SHORT_SMD_0603","Shorting resistor, small US symbol, 0603, SMD, SMT","","","","?%","0X","",""
"R361","SHORT_SMD_0603","Pufferfish:SHORT_SMD_0603","Pufferfish:SHORT_SMD_0603","Shorting resistor, small US symbol, 0603, SMD, SMT","","","","?%","0X","",""
"R362","SHORT_SMD_0603","Pufferfish:SHORT_SMD_0603","Pufferfish:SHORT_SMD_0603","Shorting resistor, small US symbol, 0603, SMD, SMT","","","","?%","0X","",""
"R363","SHORT_SMD_0603","Pufferfish:SHORT_SMD_0603","Pufferfish:SHORT_SMD_0603","Shorting resistor, small US symbol, 0603, SMD, SMT","","","","?%","0X","",""
"R364","SHORT_SMD_0603","Pufferfish:SHORT_SMD_0603","Pufferfish:SHORT_SMD_0603","Shorting resistor, small US symbol, 0603, SMD, SMT","","","","?%","0X","",""
"R365","SHORT_SMD_0603","Pufferfish:SHORT_SMD_0603","Pufferfish:SHORT_SMD_0603","Shorting resistor, small US symbol, 0603, SMD, SMT","","","","?%","0X","",""
"R366","SHORT_SMD_0603","Pufferfish:SHORT_SMD_0603","Pufferfish:SHORT_SMD_0603","Shorting resistor, small US symbol, 0603, SMD, SMT","","","","?%","0X","",""
"R367","SHORT_SMD_0603","Pufferfish:SHORT_SMD_0603","Pufferfish:SHORT_SMD_0603","Shorting resistor, small US symbol, 0603, SMD, SMT","","","","?%","0X","",""
"R368","RES_SMD_0603","Pufferfish:RES_SMD_0603","Pufferfish:RES_SMD_0603","Resistor, small US symbol, 0603, SMD, SMT","","","","?%","1kX","",""
"R369","RES_SMD_0603","Pufferfish:RES_SMD_0603","Pufferfish:RES_SMD_0603","Resistor, small US symbol, 0603, SMD, SMT","","","","?%","1kX","",""
"R370","SHORT_SMD_0805","Pufferfish:SHORT_SMD_0805","Pufferfish:SHORT_SMD_0805","Shorting resistor, small US symbol, 0603, SMD, SMT","","","","?%","0X","",""
"R371","SHORT_SMD_0805","Pufferfish:SHORT_SMD_0805","Pufferfish:SHORT_SMD_0805","Shorting resistor, small US symbol, 0603, SMD, SMT","","","","?%","0X","",""
"R372","SHORT_SMD_0805","Pufferfish:SHORT_SMD_0805","Pufferfish:SHORT_SMD_0805","Shorting resistor, small US symbol, 0603, SMD, SMT","","","","?%","0X","",""
"R373","SHORT_SMD_0805","Pufferfish:SHORT_SMD_0805","Pufferfish:SHORT_SMD_0805","Shorting resistor, small US symbol, 0603, SMD, SMT","","","","?%","0X","",""
"R374","RES_SMD_0603","Pufferfish:RES_SMD_0603","Pufferfish:RES_SMD_0603","Resistor, small US symbol, 0603, SMD, SMT","","","","?%","1kX","",""
"R375","RES_SMD_0603","Pufferfish:RES_SMD_0603","Pufferfish:RES_SMD_0603","Resistor, small US symbol, 0603, SMD, SMT","","","","?%","1X","",""
"R376","SHORT_SMD_0805","Pufferfish:SHORT_SMD_0805","Pufferfish:SHORT_SMD_0805","Shorting resistor, small US symbol, 0603, SMD, SMT","","","","?%","0X","",""
"R377","SHORT_SMD_0805","Pufferfish:SHORT_SMD_0805","Pufferfish:SHORT_SMD_0805","Shorting resistor, small US symbol, 0603, SMD, SMT","","","","?%","0X","",""
"R378","SHORT_SMD_0603","Pufferfish:SHORT_SMD_0603","Pufferfish:SHORT_SMD_0603","Shorting resistor, small US symbol, 0603, SMD, SMT","","","","?%","0X","",""
"R379","SHORT_SMD_0603","Pufferfish:SHORT_SMD_0603","Pufferfish:SHORT_SMD_0603","Shorting resistor, small US symbol, 0603, SMD, SMT","","","","?%","0X","",""
"R380","SHORT_SMD_0603","Pufferfish:SHORT_SMD_0603","Pufferfish:SHORT_SMD_0603","Shorting resistor, small US symbol, 0603, SMD, SMT","","","","?%","0X","",""
"R381","SHORT_SMD_0603","Pufferfish:SHORT_SMD_0603","Pufferfish:SHORT_SMD_0603","Shorting resistor, small US symbol, 0603, SMD, SMT","","","","?%","0X","",""
"R382","SHORT_SMD_0603","Pufferfish:SHORT_SMD_0603","Pufferfish:SHORT_SMD_0603","Shorting resistor, small US symbol, 0603, SMD, SMT","","","","?%","0X","",""
"R383","SHORT_SMD_0603","Pufferfish:SHORT_SMD_0603","Pufferfish:SHORT_SMD_0603","Shorting resistor, small US symbol, 0603, SMD, SMT","","","","?%","0X","",""
"R384","SHORT_SMD_0805","Pufferfish:SHORT_SMD_0805","Pufferfish:SHORT_SMD_0805","Shorting resistor, small US symbol, 0603, SMD, SMT","","","","?%","0X","",""
"R385","SHORT_SMD_0805","Pufferfish:SHORT_SMD_0805","Pufferfish:SHORT_SMD_0805","Shorting resistor, small US symbol, 0603, SMD, SMT","","","","?%","0X","",""
"R386","SHORT_SMD_0603","Pufferfish:SHORT_SMD_0603","Pufferfish:SHORT_SMD_0603","Shorting resistor, small US symbol, 0603, SMD, SMT","","","","?%","0X","",""
"R387","SHORT_SMD_0603","Pufferfish:SHORT_SMD_0603","Pufferfish:SHORT_SMD_0603","Shorting resistor, small US symbol, 0603, SMD, SMT","","","","?%","0X","",""
"R388","SHORT_SMD_0603","Pufferfish:SHORT_SMD_0603","Pufferfish:SHORT_SMD_0603","Shorting resistor, small US symbol, 0603, SMD, SMT","","","","?%","0X","",""
"R389","SHORT_SMD_0603","Pufferfish:SHORT_SMD_0603","Pufferfish:SHORT_SMD_0603","Shorting resistor, small US symbol, 0603, SMD, SMT","","","","?%","0X","",""
"R390","SHORT_SMD_0603","Pufferfish:SHORT_SMD_0603","Pufferfish:SHORT_SMD_0603","Shorting resistor, small US symbol, 0603, SMD, SMT","","","","?%","0X","",""
"R391","SHORT_SMD_0603","Pufferfish:SHORT_SMD_0603","Pufferfish:SHORT_SMD_0603","Shorting resistor, small US symbol, 0603, SMD, SMT","","","","?%","0X","",""
"R392","SHORT_SMD_0603","Pufferfish:SHORT_SMD_0603","Pufferfish:SHORT_SMD_0603","Shorting resistor, small US symbol, 0603, SMD, SMT","","","","?%","0X","",""
"R393","SHORT_SMD_0603","Pufferfish:SHORT_SMD_0603","Pufferfish:SHORT_SMD_0603","Shorting resistor, small US symbol, 0603, SMD, SMT","","","","?%","0X","",""
"R394","SHORT_SMD_0603","Pufferfish:SHORT_SMD_0603","Pufferfish:SHORT_SMD_0603","Shorting resistor, small US symbol, 0603, SMD, SMT","","","","?%","0X","",""
"R395","SHORT_SMD_0603","Pufferfish:SHORT_SMD_0603","Pufferfish:SHORT_SMD_0603","Shorting resistor, small US symbol, 0603, SMD, SMT","","","","?%","0X","",""
"R396","SHORT_SMD_0805","Pufferfish:SHORT_SMD_0805","Pufferfish:SHORT_SMD_0805","Shorting resistor, small US symbol, 0603, SMD, SMT","","","","?%","0X","",""
"R397","SHORT_SMD_0805","Pufferfish:SHORT_SMD_0805","Pufferfish:SHORT_SMD_0805","Shorting resistor, small US symbol, 0603, SMD, SMT","","","","?%","0X","",""
"R398","SHORT_SMD_0603","Pufferfish:SHORT_SMD_0603","Pufferfish:SHORT_SMD_0603","Shorting resistor, small US symbol, 0603, SMD, SMT","","","","?%","0X","",""
"R399","SHORT_SMD_0603","Pufferfish:SHORT_SMD_0603","Pufferfish:SHORT_SMD_0603","Shorting resistor, small US symbol, 0603, SMD, SMT","","","","?%","0X","",""
"R400","SHORT_SMD_0603","Pufferfish:SHORT_SMD_0603","Pufferfish:SHORT_SMD_0603","Shorting resistor, small US symbol, 0603, SMD, SMT","","","","?%","0X","",""
"R401","SHORT_SMD_0603","Pufferfish:SHORT_SMD_0603","Pufferfish:SHORT_SMD_0603","Shorting resistor, small US symbol, 0603, SMD, SMT","","","","?%","0X","",""
"R402","SHORT_SMD_0603","Pufferfish:SHORT_SMD_0603","Pufferfish:SHORT_SMD_0603","Shorting resistor, small US symbol, 0603, SMD, SMT","","","","?%","0X","",""
"R403","SHORT_SMD_0805","Pufferfish:SHORT_SMD_0805","Pufferfish:SHORT_SMD_0805","Shorting resistor, small US symbol, 0603, SMD, SMT","","","","?%","0X","",""
"R404","SHORT_SMD_0805","Pufferfish:SHORT_SMD_0805","Pufferfish:SHORT_SMD_0805","Shorting resistor, small US symbol, 0603, SMD, SMT","","","","?%","0X","",""
"R405","SHORT_SMD_0805","Pufferfish:SHORT_SMD_0805","Pufferfish:SHORT_SMD_0805","Shorting resistor, small US symbol, 0603, SMD, SMT","","","","?%","0X","",""
"R406","SHORT_SMD_0603","Pufferfish:SHORT_SMD_0603","Pufferfish:SHORT_SMD_0603","Shorting resistor, small US symbol, 0603, SMD, SMT","","","","?%","0X","",""
"R407","SHORT_SMD_0603","Pufferfish:SHORT_SMD_0603","Pufferfish:SHORT_SMD_0603","Shorting resistor, small US symbol, 0603, SMD, SMT","","","","?%","0X","",""
"R408","SHORT_SMD_0603","Pufferfish:SHORT_SMD_0603","Pufferfish:SHORT_SMD_0603","Shorting resistor, small US symbol, 0603, SMD, SMT","","","","?%","0X","",""
"R409","SHORT_SMD_0603","Pufferfish:SHORT_SMD_0603","Pufferfish:SHORT_SMD_0603","Shorting resistor, small US symbol, 0603, SMD, SMT","","","","?%","0X","",""
"R410","SHORT_SMD_0603","Pufferfish:SHORT_SMD_0603","Pufferfish:SHORT_SMD_0603","Shorting resistor, small US symbol, 0603, SMD, SMT","","","","?%","0X","",""
"R411","SHORT_SMD_0603","Pufferfish:SHORT_SMD_0603","Pufferfish:SHORT_SMD_0603","Shorting resistor, small US symbol, 0603, SMD, SMT","","","","?%","0X","",""
"R412","SHORT_SMD_0805","Pufferfish:SHORT_SMD_0805","Pufferfish:SHORT_SMD_0805","Shorting resistor, small US symbol, 0603, SMD, SMT","","","","?%","0X","",""
"R413","SHORT_SMD_0805","Pufferfish:SHORT_SMD_0805","Pufferfish:SHORT_SMD_0805","Shorting resistor, small US symbol, 0603, SMD, SMT","","","","?%","0X","",""
"R414","SHORT_SMD_0603","Pufferfish:SHORT_SMD_0603","Pufferfish:SHORT_SMD_0603","Shorting resistor, small US symbol, 0603, SMD, SMT","","","","?%","0X","",""
"R415","SHORT_SMD_0603","Pufferfish:SHORT_SMD_0603","Pufferfish:SHORT_SMD_0603","Shorting resistor, small US symbol, 0603, SMD, SMT","","","","?%","0X","",""
"R416","SHORT_SMD_0603","Pufferfish:SHORT_SMD_0603","Pufferfish:SHORT_SMD_0603","Shorting resistor, small US symbol, 0603, SMD, SMT","","","","?%","0X","",""
"R417","SHORT_SMD_0603","Pufferfish:SHORT_SMD_0603","Pufferfish:SHORT_SMD_0603","Shorting resistor, small US symbol, 0603, SMD, SMT","","","","?%","0X","",""
"R418","SHORT_SMD_0603","Pufferfish:SHORT_SMD_0603","Pufferfish:SHORT_SMD_0603","Shorting resistor, small US symbol, 0603, SMD, SMT","","","","?%","0X","",""
"R419","SHORT_SMD_0603","Pufferfish:SHORT_SMD_0603","Pufferfish:SHORT_SMD_0603","Shorting resistor, small US symbol, 0603, SMD, SMT","","","","?%","0X","",""
"R420","SHORT_SMD_0805","Pufferfish:SHORT_SMD_0805","Pufferfish:SHORT_SMD_0805","Shorting resistor, small US symbol, 0603, SMD, SMT","","","","?%","0X","",""
"R421","SHORT_SMD_0805","Pufferfish:SHORT_SMD_0805","Pufferfish:SHORT_SMD_0805","Shorting resistor, small US symbol, 0603, SMD, SMT","","","","?%","0X","",""
"R422","SHORT_SMD_0805","Pufferfish:SHORT_SMD_0805","Pufferfish:SHORT_SMD_0805","Shorting resistor, small US symbol, 0603, SMD, SMT","","","","?%","0X","",""
"R423","SHORT_SMD_0805","Pufferfish:SHORT_SMD_0805","Pufferfish:SHORT_SMD_0805","Shorting resistor, small US symbol, 0603, SMD, SMT","","","","?%","0X","",""
"R424","SHORT_SMD_0603","Pufferfish:SHORT_SMD_0603","Pufferfish:SHORT_SMD_0603","Shorting resistor, small US symbol, 0603, SMD, SMT","","","","?%","0X","",""
"R425","SHORT_SMD_0603","Pufferfish:SHORT_SMD_0603","Pufferfish:SHORT_SMD_0603","Shorting resistor, small US symbol, 0603, SMD, SMT","","","","?%","0X","",""
"R426","RES_SMD_0603","Pufferfish:RES_SMD_0603","Pufferfish:RES_SMD_0603","Resistor, small US symbol, 0603, SMD, SMT","","","","?%","10kX","",""
"R427","RES_SMD_0603","Pufferfish:RES_SMD_0603","Pufferfish:RES_SMD_0603","Resistor, small US symbol, 0603, SMD, SMT","","","","?%","10kX","",""
"R428","RES_SMD_0603","Pufferfish:RES_SMD_0603","Pufferfish:RES_SMD_0603","Resistor, small US symbol, 0603, SMD, SMT","","","","?%","10kX","",""
"R429","RES_SMD_0603","Pufferfish:RES_SMD_0603","Pufferfish:RES_SMD_0603","Resistor, small US symbol, 0603, SMD, SMT","","","","?%","10kX","",""
"R430","RES_SMD_0603","Pufferfish:RES_SMD_0603","Pufferfish:RES_SMD_0603","Resistor, small US symbol, 0603, SMD, SMT","","","","?%","10kX","",""
"R431","RES_SMD_0603","Pufferfish:RES_SMD_0603","Pufferfish:RES_SMD_0603","Resistor, small US symbol, 0603, SMD, SMT","","","","?%","10kX","",""
"R432","SHORT_SMD_0603","Pufferfish:SHORT_SMD_0603","Pufferfish:SHORT_SMD_0603","Shorting resistor, small US symbol, 0603, SMD, SMT","","","","?%","0X","",""
"R433","SHORT_SMD_0603","Pufferfish:SHORT_SMD_0603","Pufferfish:SHORT_SMD_0603","Shorting resistor, small US symbol, 0603, SMD, SMT","","","","?%","0X","",""
"R434","SHORT_SMD_0603","Pufferfish:SHORT_SMD_0603","Pufferfish:SHORT_SMD_0603","Shorting resistor, small US symbol, 0603, SMD, SMT","","","","?%","0X","",""
"R435","SHORT_SMD_0603","Pufferfish:SHORT_SMD_0603","Pufferfish:SHORT_SMD_0603","Shorting resistor, small US symbol, 0603, SMD, SMT","","","","?%","0X","",""
"SENSOR1","MAXTEC_Max-12c","Pufferfish:MAXTEC_Max-12c","Pufferfish:TERMINAL_PIN_3_2.54mm","Jumper, 3-pole, both open","","","","","","",""
